[2025-11-17 18:24:25.609] === TUI Debug Log Started ===
[2025-11-17 18:24:25.610] TuiApp::new() called
[2025-11-17 18:24:25.616] TuiApp::run() starting
[2025-11-17 18:24:32.409] handle_popup_input: key=KeyEvent { code: Enter, modifiers: KeyModifiers(0x0), kind: Press, state: KeyEventState(0x0) }
[2025-11-17 18:24:32.410] Popup state: Confirm
[2025-11-17 18:24:32.410] Enter pressed - executing command
[2025-11-17 18:24:32.410] execute_command_from_popup called
[2025-11-17 18:24:32.410] Sending command request: CommandRequest { app_name: "luce-api", project: "luce", environment: "local", command_name: "start:local" }
[2025-11-17 18:24:32.410] Popup set to executing state
[2025-11-17 18:24:32.410] Command sent to background task
[2025-11-17 18:28:45.368] === TUI Debug Log Started ===
[2025-11-17 18:28:45.369] TuiApp::new() called
[2025-11-17 18:28:45.373] TuiApp::run() starting
[2025-11-17 18:29:30.808] handle_popup_input: key=KeyEvent { code: Enter, modifiers: KeyModifiers(0x0), kind: Press, state: KeyEventState(0x0) }
[2025-11-17 18:29:30.808] Popup state: Confirm
[2025-11-17 18:29:30.808] Enter pressed - executing command
[2025-11-17 18:29:30.808] execute_command_from_popup called
[2025-11-17 18:29:30.808] Sending command request: CommandRequest { app_name: "luce-api", project: "luce", environment: "local", command_name: "start:local" }
[2025-11-17 18:29:30.808] Popup set to executing state
[2025-11-17 18:29:30.808] Command sent to background task
[2025-11-17 18:29:30.808] execute_command_async: Creating pipes
[2025-11-17 18:29:30.808] execute_command_async: Redirecting stdout/stderr
[2025-11-17 18:29:30.809] execute_command_async: Starting command
[2025-11-17 18:32:07.614] === TUI Debug Log Started ===
[2025-11-17 18:32:07.615] TuiApp::new() called
[2025-11-17 18:32:07.621] TuiApp::run() starting
[2025-11-17 18:33:47.618] === TUI Debug Log Started ===
[2025-11-17 18:33:47.619] TuiApp::new() called
[2025-11-17 18:33:47.624] TuiApp::run() starting
[2025-11-17 18:33:54.667] handle_popup_input: key=KeyEvent { code: Enter, modifiers: KeyModifiers(0x0), kind: Press, state: KeyEventState(0x0) }
[2025-11-17 18:33:54.667] Popup state: Confirm
[2025-11-17 18:33:54.667] Enter pressed - executing command
[2025-11-17 18:33:54.667] execute_command_from_popup called
[2025-11-17 18:33:54.667] Sending command request: CommandRequest { app_name: "luce-api", project: "luce", environment: "local", command_name: "start:local" }
[2025-11-17 18:33:54.667] Popup set to executing state
[2025-11-17 18:33:54.667] Command sent to background task
[2025-11-17 18:33:54.668] execute_command_async: Creating pipes
[2025-11-17 18:33:54.668] execute_command_async: Redirecting stdout/stderr
[2025-11-17 18:33:54.668] execute_command_async: Starting command
[2025-11-17 18:37:24.133] === TUI Debug Log Started ===
[2025-11-17 18:37:24.134] TuiApp::new() called
[2025-11-17 18:37:24.139] TuiApp::run() starting
[2025-11-17 18:37:28.681] handle_popup_input: key=KeyEvent { code: Enter, modifiers: KeyModifiers(0x0), kind: Press, state: KeyEventState(0x0) }
[2025-11-17 18:37:28.681] Popup state: Confirm
[2025-11-17 18:37:28.681] Enter pressed - executing command
[2025-11-17 18:37:28.681] execute_command_from_popup called
[2025-11-17 18:37:28.681] Sending command request: CommandRequest { app_name: "luce-api", project: "luce", environment: "local", command_name: "start:local" }
[2025-11-17 18:37:28.681] Popup set to executing state
[2025-11-17 18:37:28.681] Command sent to background task
[2025-11-17 18:37:28.681] execute_command_async: Starting command
[2025-11-17 18:37:36.563] handle_popup_input: key=KeyEvent { code: Down, modifiers: KeyModifiers(0x0), kind: Press, state: KeyEventState(0x0) }
[2025-11-17 18:37:36.563] Popup state: Executing
[2025-11-17 18:37:36.593] handle_popup_input: key=KeyEvent { code: Down, modifiers: KeyModifiers(0x0), kind: Press, state: KeyEventState(0x0) }
[2025-11-17 18:37:36.593] Popup state: Executing
[2025-11-17 18:37:36.610] handle_popup_input: key=KeyEvent { code: Down, modifiers: KeyModifiers(0x0), kind: Press, state: KeyEventState(0x0) }
[2025-11-17 18:37:36.610] Popup state: Executing
[2025-11-17 18:37:36.647] handle_popup_input: key=KeyEvent { code: Down, modifiers: KeyModifiers(0x0), kind: Press, state: KeyEventState(0x0) }
[2025-11-17 18:37:36.647] Popup state: Executing
[2025-11-17 18:37:36.719] handle_popup_input: key=KeyEvent { code: Down, modifiers: KeyModifiers(0x0), kind: Press, state: KeyEventState(0x0) }
[2025-11-17 18:37:36.719] Popup state: Executing
[2025-11-17 18:37:36.840] handle_popup_input: key=KeyEvent { code: Up, modifiers: KeyModifiers(0x0), kind: Press, state: KeyEventState(0x0) }
[2025-11-17 18:37:36.840] Popup state: Executing
[2025-11-17 18:37:36.866] handle_popup_input: key=KeyEvent { code: Up, modifiers: KeyModifiers(0x0), kind: Press, state: KeyEventState(0x0) }
[2025-11-17 18:37:36.866] Popup state: Executing
[2025-11-17 18:37:36.883] handle_popup_input: key=KeyEvent { code: Up, modifiers: KeyModifiers(0x0), kind: Press, state: KeyEventState(0x0) }
[2025-11-17 18:37:36.883] Popup state: Executing
[2025-11-17 18:37:36.907] handle_popup_input: key=KeyEvent { code: Up, modifiers: KeyModifiers(0x0), kind: Press, state: KeyEventState(0x0) }
[2025-11-17 18:37:36.908] Popup state: Executing
[2025-11-17 18:37:36.926] handle_popup_input: key=KeyEvent { code: Up, modifiers: KeyModifiers(0x0), kind: Press, state: KeyEventState(0x0) }
[2025-11-17 18:37:36.926] Popup state: Executing
[2025-11-17 18:37:36.951] handle_popup_input: key=KeyEvent { code: Up, modifiers: KeyModifiers(0x0), kind: Press, state: KeyEventState(0x0) }
[2025-11-17 18:37:36.951] Popup state: Executing
[2025-11-17 18:37:36.980] handle_popup_input: key=KeyEvent { code: Up, modifiers: KeyModifiers(0x0), kind: Press, state: KeyEventState(0x0) }
[2025-11-17 18:37:36.980] Popup state: Executing
[2025-11-17 21:15:39.421] === TUI Debug Log Started ===
[2025-11-17 21:15:39.422] TuiApp::new() called
[2025-11-17 21:15:39.426] TuiApp::run() starting
[2025-11-17 21:15:55.853] handle_popup_input: key=KeyEvent { code: Enter, modifiers: KeyModifiers(0x0), kind: Press, state: KeyEventState(0x0) }
[2025-11-17 21:15:55.853] Popup state: Confirm
[2025-11-17 21:15:55.853] Enter pressed - executing command
[2025-11-17 21:15:55.853] execute_command_from_popup called
[2025-11-17 21:15:55.853] Sending command request: CommandRequest { app_name: "luce-api", project: "luce", environment: "local", command_name: "start:local" }
[2025-11-17 21:15:55.853] Popup set to executing state
[2025-11-17 21:15:55.853] Command sent to background task
[2025-11-17 21:15:55.854] execute_command_async: Starting command
[2025-11-17 21:19:41.475] === TUI Debug Log Started ===
[2025-11-17 21:19:41.476] TuiApp::new() called
[2025-11-17 21:19:41.485] TuiApp::run() starting
[2025-11-17 21:50:22.552] === TUI Debug Log Started ===
[2025-11-17 21:50:22.552] TuiApp::new() called
[2025-11-17 21:50:22.559] TuiApp::run() starting
[2025-11-17 22:46:55.693] === TUI Debug Log Started ===
[2025-11-17 22:46:55.694] TuiApp::new() called
[2025-11-17 22:46:55.699] TuiApp::run() starting
[2025-11-17 22:47:13.956] handle_popup_input: key=KeyEvent { code: Enter, modifiers: KeyModifiers(0x0), kind: Press, state: KeyEventState(0x0) }
[2025-11-17 22:47:13.957] Popup state: Confirm
[2025-11-17 22:47:13.957] Enter pressed - executing command
[2025-11-17 22:47:13.957] execute_command_from_popup called
[2025-11-17 22:47:13.957] Sending command request: CommandRequest { app_name: "luce-api", project: "luce", environment: "local", command_name: "start:local" }
[2025-11-17 22:47:13.957] Popup set to executing state
[2025-11-17 22:47:13.957] Command sent to background task
[2025-11-17 22:47:13.957] execute_command_async: Starting command
[2025-11-17 22:47:24.272] handle_popup_input: key=KeyEvent { code: Esc, modifiers: KeyModifiers(0x0), kind: Press, state: KeyEventState(0x0) }
[2025-11-17 22:47:24.272] Popup state: Executing
[2025-11-17 22:47:25.018] handle_popup_input: key=KeyEvent { code: Esc, modifiers: KeyModifiers(0x0), kind: Press, state: KeyEventState(0x0) }
[2025-11-17 22:47:25.018] Popup state: Executing
[2025-11-17 22:47:25.377] handle_popup_input: key=KeyEvent { code: Esc, modifiers: KeyModifiers(0x0), kind: Press, state: KeyEventState(0x0) }
[2025-11-17 22:47:25.377] Popup state: Executing
[2025-11-17 22:47:25.574] handle_popup_input: key=KeyEvent { code: Esc, modifiers: KeyModifiers(0x0), kind: Press, state: KeyEventState(0x0) }
[2025-11-17 22:47:25.574] Popup state: Executing
[2025-11-17 22:47:25.763] handle_popup_input: key=KeyEvent { code: Esc, modifiers: KeyModifiers(0x0), kind: Press, state: KeyEventState(0x0) }
[2025-11-17 22:47:25.763] Popup state: Executing
[2025-11-17 22:47:29.914] handle_popup_input: key=KeyEvent { code: Esc, modifiers: KeyModifiers(0x0), kind: Press, state: KeyEventState(0x0) }
[2025-11-17 22:47:29.915] Popup state: Executing
[2025-11-17 22:47:30.079] handle_popup_input: key=KeyEvent { code: Esc, modifiers: KeyModifiers(0x0), kind: Press, state: KeyEventState(0x0) }
[2025-11-17 22:47:30.079] Popup state: Executing
[2025-11-17 22:47:30.251] handle_popup_input: key=KeyEvent { code: Esc, modifiers: KeyModifiers(0x0), kind: Press, state: KeyEventState(0x0) }
[2025-11-17 22:47:30.252] Popup state: Executing
[2025-11-17 22:47:30.398] handle_popup_input: key=KeyEvent { code: Esc, modifiers: KeyModifiers(0x0), kind: Press, state: KeyEventState(0x0) }
[2025-11-17 22:47:30.398] Popup state: Executing
[2025-11-17 22:47:31.218] handle_popup_input: key=KeyEvent { code: Char('q'), modifiers: KeyModifiers(0x0), kind: Press, state: KeyEventState(0x0) }
[2025-11-17 22:47:31.218] Popup state: Executing
[2025-11-17 22:47:31.385] handle_popup_input: key=KeyEvent { code: Char('q'), modifiers: KeyModifiers(0x0), kind: Press, state: KeyEventState(0x0) }
[2025-11-17 22:47:31.385] Popup state: Executing
[2025-11-17 22:47:31.521] handle_popup_input: key=KeyEvent { code: Char('q'), modifiers: KeyModifiers(0x0), kind: Press, state: KeyEventState(0x0) }
[2025-11-17 22:47:31.521] Popup state: Executing
[2025-11-17 23:14:43.581] === TUI Debug Log Started ===
[2025-11-17 23:14:43.582] TuiApp::new() called
[2025-11-17 23:14:43.589] TuiApp::run() starting
[2025-11-17 23:16:18.784] handle_popup_input: key=KeyEvent { code: Enter, modifiers: KeyModifiers(0x0), kind: Press, state: KeyEventState(0x0) }
[2025-11-17 23:16:18.784] Popup state: Confirm
[2025-11-17 23:16:18.784] Enter pressed - executing command
[2025-11-17 23:16:18.784] execute_command_from_popup called
[2025-11-17 23:16:18.784] Sending command request: CommandRequest { app_name: "luce-api", project: "luce", environment: "local", command_name: "start:local" }
[2025-11-17 23:16:18.784] Popup set to executing state
[2025-11-17 23:16:18.784] Command sent to background task
[2025-11-17 23:16:18.785] execute_command_async: Starting command
[2025-11-17 23:16:29.578] handle_popup_input: key=KeyEvent { code: Esc, modifiers: KeyModifiers(0x0), kind: Press, state: KeyEventState(0x0) }
[2025-11-17 23:16:29.578] Popup state: Executing
[2025-11-17 23:16:29.578] Esc pressed - closing executing popup
[2025-11-18 08:10:05.815] === TUI Debug Log Started ===
[2025-11-18 08:10:05.816] TuiApp::new() called
[2025-11-18 08:10:05.824] TuiApp::run() starting
[2025-11-18 08:10:46.951] handle_popup_input: key=KeyEvent { code: Enter, modifiers: KeyModifiers(0x0), kind: Press, state: KeyEventState(0x0) }
[2025-11-18 08:10:46.952] Popup state: Confirm
[2025-11-18 08:10:46.952] Enter pressed - executing command
[2025-11-18 08:10:46.952] execute_command_from_popup called
[2025-11-18 08:10:46.952] Sending command request: CommandRequest { app_name: "luce-api", project: "luce", environment: "local", command_name: "start:local" }
[2025-11-18 08:10:46.952] Popup set to executing state
[2025-11-18 08:10:46.952] Command sent to background task
[2025-11-18 08:10:46.952] execute_command_async: Starting command
[2025-11-18 08:11:00.358] handle_popup_input: key=KeyEvent { code: Esc, modifiers: KeyModifiers(0x0), kind: Press, state: KeyEventState(0x0) }
[2025-11-18 08:11:00.358] Popup state: Executing
[2025-11-18 08:11:00.358] Esc pressed - closing executing popup
[2025-11-18 08:23:01.296] === TUI Debug Log Started ===
[2025-11-18 08:23:01.297] TuiApp::new() called
[2025-11-18 08:23:01.303] TuiApp::run() starting
[2025-11-18 08:23:10.843] handle_popup_input: key=KeyEvent { code: Enter, modifiers: KeyModifiers(0x0), kind: Press, state: KeyEventState(0x0) }
[2025-11-18 08:23:10.843] Popup state: Confirm
[2025-11-18 08:23:10.843] Enter pressed - executing command
[2025-11-18 08:23:10.843] execute_command_from_popup called
[2025-11-18 08:23:10.843] Sending command request: CommandRequest { app_name: "luce-api", project: "luce", environment: "local", command_name: "start:local", command_type: Start }
[2025-11-18 08:23:10.843] Popup set to executing state
[2025-11-18 08:23:10.843] Command sent to background task
[2025-11-18 08:23:10.843] execute_command_async: Starting command
[2025-11-18 08:23:12.907] Log tailing finished for luce-api
[2025-11-18 08:42:47.269] === TUI Debug Log Started ===
[2025-11-18 08:42:47.269] TuiApp::new() called
[2025-11-18 08:42:47.279] TuiApp::run() starting
[2025-11-18 08:42:53.919] execute_command_async: Starting command
[2025-11-18 08:42:54.453] execute_command_async: Stop command finished
[2025-11-18 08:42:54.541] Received Success
[2025-11-18 08:43:05.125] handle_popup_input: key=KeyEvent { code: Esc, modifiers: KeyModifiers(0x0), kind: Press, state: KeyEventState(0x0) }
[2025-11-18 08:43:05.125] Popup state: Executing
[2025-11-18 08:43:05.125] Esc pressed - closing executing popup
[2025-11-18 08:43:13.994] handle_popup_input: key=KeyEvent { code: Enter, modifiers: KeyModifiers(0x0), kind: Press, state: KeyEventState(0x0) }
[2025-11-18 08:43:13.994] Popup state: Confirm
[2025-11-18 08:43:13.994] Enter pressed - executing command
[2025-11-18 08:43:13.994] execute_command_from_popup called
[2025-11-18 08:43:13.995] Sending command request: CommandRequest { app_name: "luce-api", project: "luce", environment: "local", command_name: "start:local", command_type: Start }
[2025-11-18 08:43:13.995] Popup set to executing state
[2025-11-18 08:43:13.995] Command sent to background task
[2025-11-18 08:43:13.995] execute_command_async: Starting command
[2025-11-18 08:43:14.212] Popup received output: 
[2025-11-18 08:43:14.212] Popup received output: > luce-api@8.7.4 start:local
[2025-11-18 08:43:14.212] Popup received output: > ./local/entrypoint.sh
[2025-11-18 08:43:14.212] Popup received output: 
[2025-11-18 08:43:14.212] Popup received output: you need to start this service with luce-mongo, luce-redis
[2025-11-18 08:43:14.321] Popup received output: [stderr] npm warn config production Use `--omit=dev` instead.
[2025-11-18 08:43:15.034] Popup received output: [stderr] npm warn EBADENGINE Unsupported engine {
[2025-11-18 08:43:15.034] Popup received output: [stderr] npm warn EBADENGINE   package: '@es-joy/jsdoccomment@0.36.1',
[2025-11-18 08:43:15.034] Popup received output: [stderr] npm warn EBADENGINE   required: { node: '^14 || ^16 || ^17 || ^18 || ^19' },
[2025-11-18 08:43:15.034] Popup received output: [stderr] npm warn EBADENGINE   current: { node: 'v20.19.5', npm: '10.8.2' }
[2025-11-18 08:43:15.034] Popup received output: [stderr] npm warn EBADENGINE }
[2025-11-18 08:43:15.034] Popup received output: [stderr] npm warn EBADENGINE Unsupported engine {
[2025-11-18 08:43:15.034] Popup received output: [stderr] npm warn EBADENGINE   package: 'eslint-plugin-jsdoc@39.9.1',
[2025-11-18 08:43:15.034] Popup received output: [stderr] npm warn EBADENGINE   required: { node: '^14 || ^16 || ^17 || ^18 || ^19' },
[2025-11-18 08:43:15.034] Popup received output: [stderr] npm warn EBADENGINE   current: { node: 'v20.19.5', npm: '10.8.2' }
[2025-11-18 08:43:15.034] Popup received output: [stderr] npm warn EBADENGINE }
[2025-11-18 08:43:15.647] Popup received output: [stderr] (node:89126) Warning: Setting the NODE_TLS_REJECT_UNAUTHORIZED environment variable to '0' makes TLS connections and HTTPS requests insecure by disabling certificate verification.
[2025-11-18 08:43:15.647] Popup received output: [stderr] (Use `node --trace-warnings ...` to show where the warning was created)
[2025-11-18 08:43:16.004] execute_command_async: Start command finished
[2025-11-18 08:43:16.059] Received Success
[2025-11-18 08:43:21.528] Popup received output: 
[2025-11-18 08:43:21.528] Popup received output: up to date, audited 2258 packages in 7s
[2025-11-18 08:43:21.528] Popup received output: 
[2025-11-18 08:43:21.528] Popup received output: 305 packages are looking for funding
[2025-11-18 08:43:21.528] Popup received output:   run `npm fund` for details
[2025-11-18 08:43:21.637] Popup received output: 
[2025-11-18 08:43:21.637] Popup received output: 94 vulnerabilities (18 low, 44 moderate, 27 high, 5 critical)
[2025-11-18 08:43:21.637] Popup received output: 
[2025-11-18 08:43:21.637] Popup received output: To address issues that do not require attention, run:
[2025-11-18 08:43:21.637] Popup received output:   npm audit fix
[2025-11-18 08:43:21.637] Popup received output: 
[2025-11-18 08:43:21.637] Popup received output: To address all issues possible (including breaking changes), run:
[2025-11-18 08:43:21.637] Popup received output:   npm audit fix --force
[2025-11-18 08:43:21.637] Popup received output: 
[2025-11-18 08:43:21.637] Popup received output: Some issues need review, and may require choosing
[2025-11-18 08:43:21.637] Popup received output: a different dependency.
[2025-11-18 08:43:21.637] Popup received output: 
[2025-11-18 08:43:21.637] Popup received output: Run `npm audit` for details.
[2025-11-18 08:43:21.746] Popup received output: 
[2025-11-18 08:43:21.746] Popup received output: > luce-api@8.7.4 start:debug
[2025-11-18 08:43:21.746] Popup received output: > nest start --debug --watch --preserveWatchOutput
[2025-11-18 08:43:21.746] Popup received output: 
[2025-11-18 08:43:22.665] Popup received output: [[90m8:43:22 AM[0m] Starting compilation in watch mode...
[2025-11-18 08:43:22.665] Popup received output: 
[2025-11-18 08:43:48.903] Popup received output: [[90m8:43:48 AM[0m] Found 0 errors. Watching for file changes.
[2025-11-18 08:43:48.903] Popup received output: 
[2025-11-18 08:43:48.903] Popup received output: [stderr] Starting inspector on 127.0.0.1:9229 failed: address already in use
[2025-11-18 08:43:52.038] Popup received output: [92m[development][39m 2025-11-18T07:43:52.001Z                                  [92mInfo[39m	[33m[nestJs.NestFactory][39m [92mStarting Nest application...[39m 
[2025-11-18 08:43:52.147] Popup received output: [92m[development][39m 2025-11-18T07:43:52.085Z                                  [92mInfo[39m	[33m[nestJs.InstanceLoader][39m [92mAppModule dependencies initialized[39m 
[2025-11-18 08:43:52.147] Popup received output: [92m[development][39m 2025-11-18T07:43:52.086Z                                  [92mInfo[39m	[33m[nestJs.InstanceLoader][39m [92mGetStreamModule dependencies initialized[39m 
[2025-11-18 08:43:52.147] Popup received output: [92m[development][39m 2025-11-18T07:43:52.086Z                                  [92mInfo[39m	[33m[nestJs.InstanceLoader][39m [92mTaskModule dependencies initialized[39m 
[2025-11-18 08:43:52.147] Popup received output: [92m[development][39m 2025-11-18T07:43:52.086Z                                  [92mInfo[39m	[33m[nestJs.InstanceLoader][39m [92mMongooseModule dependencies initialized[39m 
[2025-11-18 08:43:52.256] Popup received output: [92m[development][39m 2025-11-18T07:43:52.153Z                                  [92mInfo[39m	[33m[nestJs.InstanceLoader][39m [92mHttpModule dependencies initialized[39m 
[2025-11-18 08:43:52.256] Popup received output: [92m[development][39m 2025-11-18T07:43:52.160Z                                  [92mInfo[39m	[33m[nestJs.InstanceLoader][39m [92mTagModule dependencies initialized[39m 
[2025-11-18 08:43:52.256] Popup received output: [92m[development][39m 2025-11-18T07:43:52.162Z                                  [92mInfo[39m	[33m[nestJs.InstanceLoader][39m [92mRouterModule dependencies initialized[39m 
[2025-11-18 08:43:52.256] Popup received output: [92m[development][39m 2025-11-18T07:43:52.163Z                                  [92mInfo[39m	[33m[nestJs.InstanceLoader][39m [92mPubSubModule dependencies initialized[39m 
[2025-11-18 08:43:52.256] Popup received output: [92m[development][39m 2025-11-18T07:43:52.163Z                                  [92mInfo[39m	[33m[nestJs.InstanceLoader][39m [92mAiModule dependencies initialized[39m 
[2025-11-18 08:43:52.256] Popup received output: [92m[development][39m 2025-11-18T07:43:52.164Z                                  [92mInfo[39m	[33m[nestJs.InstanceLoader][39m [92mSharedModule dependencies initialized[39m 
[2025-11-18 08:43:52.256] Popup received output: [92m[development][39m 2025-11-18T07:43:52.164Z                                  [92mInfo[39m	[33m[nestJs.InstanceLoader][39m [92mLuceGraphQLModule dependencies initialized[39m 
[2025-11-18 08:43:52.256] Popup received output: [92m[development][39m 2025-11-18T07:43:52.164Z                                  [92mInfo[39m	[33m[nestJs.InstanceLoader][39m [92mLuceKafkaModule dependencies initialized[39m 
[2025-11-18 08:43:52.256] Popup received output: [92m[development][39m 2025-11-18T07:43:52.165Z                                  [92mInfo[39m	[33m[nestJs.InstanceLoader][39m [92mLuceKafkaModule dependencies initialized[39m 
[2025-11-18 08:43:52.256] Popup received output: [92m[development][39m 2025-11-18T07:43:52.165Z                                  [92mInfo[39m	[33m[nestJs.InstanceLoader][39m [92mMonitoringModule dependencies initialized[39m 
[2025-11-18 08:43:52.256] Popup received output: [92m[development][39m 2025-11-18T07:43:52.165Z                                  [92mInfo[39m	[33m[nestJs.InstanceLoader][39m [92mCacheModule dependencies initialized[39m 
[2025-11-18 08:43:52.256] Popup received output: [92m[development][39m 2025-11-18T07:43:52.165Z                                  [92mInfo[39m	[33m[nestJs.InstanceLoader][39m [92mKeringHttpModule dependencies initialized[39m 
[2025-11-18 08:43:52.256] Popup received output: [92m[development][39m 2025-11-18T07:43:52.166Z                                  [92mInfo[39m	[33m[nestJs.InstanceLoader][39m [92mScopedKafkaModule dependencies initialized[39m 
[2025-11-18 08:43:52.257] Popup received output: [92m[development][39m 2025-11-18T07:43:52.166Z                                  [92mInfo[39m	[33m[nestJs.InstanceLoader][39m [92mSalesforceModule dependencies initialized[39m 
[2025-11-18 08:43:52.257] Popup received output: [92m[development][39m 2025-11-18T07:43:52.166Z                                  [92mInfo[39m	[33m[nestJs.InstanceLoader][39m [92mNotificationModule dependencies initialized[39m 
[2025-11-18 08:43:52.257] Popup received output: [92m[development][39m 2025-11-18T07:43:52.166Z                                  [92mInfo[39m	[33m[nestJs.InstanceLoader][39m [92mGraphQLSchemaBuilderModule dependencies initialized[39m 
[2025-11-18 08:43:52.257] Popup received output: [92m[development][39m 2025-11-18T07:43:52.166Z                                  [92mInfo[39m	[33m[nestJs.InstanceLoader][39m [92mTimelineModule dependencies initialized[39m 
[2025-11-18 08:43:52.257] Popup received output: [92m[development][39m 2025-11-18T07:43:52.167Z                                  [92mInfo[39m	[33m[nestJs.InstanceLoader][39m [92mLuceNotificationModule dependencies initialized[39m 
[2025-11-18 08:43:52.257] Popup received output: [92m[development][39m 2025-11-18T07:43:52.167Z                                  [92mInfo[39m	[33m[nestJs.InstanceLoader][39m [92mEmailModule dependencies initialized[39m 
[2025-11-18 08:43:52.257] Popup received output: [stderr] (node:90737) Warning: Setting the NODE_TLS_REJECT_UNAUTHORIZED environment variable to '0' makes TLS connections and HTTPS requests insecure by disabling certificate verification.
[2025-11-18 08:43:52.257] Popup received output: [stderr] (Use `node --trace-warnings ...` to show where the warning was created)
[2025-11-18 08:43:52.257] Popup received output: [stderr] (node:90737) NOTE: The AWS SDK for JavaScript (v2) is in maintenance mode.
[2025-11-18 08:43:52.257] Popup received output: [stderr]  SDK releases are limited to address critical bug fixes and security issues only.
[2025-11-18 08:43:52.257] Popup received output: [stderr] 
[2025-11-18 08:43:52.257] Popup received output: [stderr] Please migrate your code to use AWS SDK for JavaScript (v3).
[2025-11-18 08:43:52.257] Popup received output: [stderr] For more information, check the blog post at https://a.co/cUPnyil
[2025-11-18 08:43:52.674] Popup received output: [92m[development][39m 2025-11-18T07:43:52.656Z                                  [92mInfo[39m	[33m[nestJs.InstanceLoader][39m [92mMongooseCoreModule dependencies initialized[39m 
[2025-11-18 08:43:52.792] Popup received output: [92m[development][39m 2025-11-18T07:43:52.689Z                                  [92mInfo[39m	[33m[nestJs.InstanceLoader][39m [92mMongooseModule dependencies initialized[39m 
[2025-11-18 08:43:52.792] Popup received output: [92m[development][39m 2025-11-18T07:43:52.689Z                                  [92mInfo[39m	[33m[nestJs.InstanceLoader][39m [92mMongooseModule dependencies initialized[39m 
[2025-11-18 08:43:52.792] Popup received output: [92m[development][39m 2025-11-18T07:43:52.689Z                                  [92mInfo[39m	[33m[nestJs.InstanceLoader][39m [92mMongooseModule dependencies initialized[39m 
[2025-11-18 08:43:52.792] Popup received output: [92m[development][39m 2025-11-18T07:43:52.689Z                                  [92mInfo[39m	[33m[nestJs.InstanceLoader][39m [92mMongooseModule dependencies initialized[39m 
[2025-11-18 08:43:52.792] Popup received output: [92m[development][39m 2025-11-18T07:43:52.689Z                                  [92mInfo[39m	[33m[nestJs.InstanceLoader][39m [92mMongooseModule dependencies initialized[39m 
[2025-11-18 08:43:52.792] Popup received output: [92m[development][39m 2025-11-18T07:43:52.690Z                                  [92mInfo[39m	[33m[nestJs.InstanceLoader][39m [92mMongooseModule dependencies initialized[39m 
[2025-11-18 08:43:52.792] Popup received output: [92m[development][39m 2025-11-18T07:43:52.690Z                                  [92mInfo[39m	[33m[nestJs.InstanceLoader][39m [92mMongooseModule dependencies initialized[39m 
[2025-11-18 08:43:52.792] Popup received output: [92m[development][39m 2025-11-18T07:43:52.690Z                                  [92mInfo[39m	[33m[nestJs.InstanceLoader][39m [92mMongooseModule dependencies initialized[39m 
[2025-11-18 08:43:52.792] Popup received output: [92m[development][39m 2025-11-18T07:43:52.690Z                                  [92mInfo[39m	[33m[nestJs.InstanceLoader][39m [92mMongooseModule dependencies initialized[39m 
[2025-11-18 08:43:52.792] Popup received output: [92m[development][39m 2025-11-18T07:43:52.690Z                                  [92mInfo[39m	[33m[nestJs.InstanceLoader][39m [92mMongooseModule dependencies initialized[39m 
[2025-11-18 08:43:52.792] Popup received output: [92m[development][39m 2025-11-18T07:43:52.690Z                                  [92mInfo[39m	[33m[nestJs.InstanceLoader][39m [92mMongooseModule dependencies initialized[39m 
[2025-11-18 08:43:52.792] Popup received output: [92m[development][39m 2025-11-18T07:43:52.690Z                                  [92mInfo[39m	[33m[nestJs.InstanceLoader][39m [92mMongooseModule dependencies initialized[39m 
[2025-11-18 08:43:52.792] Popup received output: [92m[development][39m 2025-11-18T07:43:52.690Z                                  [92mInfo[39m	[33m[nestJs.InstanceLoader][39m [92mMongooseModule dependencies initialized[39m 
[2025-11-18 08:43:52.792] Popup received output: [92m[development][39m 2025-11-18T07:43:52.690Z                                  [92mInfo[39m	[33m[nestJs.InstanceLoader][39m [92mMongooseModule dependencies initialized[39m 
[2025-11-18 08:43:52.792] Popup received output: [92m[development][39m 2025-11-18T07:43:52.690Z                                  [92mInfo[39m	[33m[nestJs.InstanceLoader][39m [92mMongooseModule dependencies initialized[39m 
[2025-11-18 08:43:52.792] Popup received output: [92m[development][39m 2025-11-18T07:43:52.690Z                                  [92mInfo[39m	[33m[nestJs.InstanceLoader][39m [92mMongooseModule dependencies initialized[39m 
[2025-11-18 08:43:52.792] Popup received output: [92m[development][39m 2025-11-18T07:43:52.690Z                                  [92mInfo[39m	[33m[nestJs.InstanceLoader][39m [92mMongooseModule dependencies initialized[39m 
[2025-11-18 08:43:52.792] Popup received output: [92m[development][39m 2025-11-18T07:43:52.690Z                                  [92mInfo[39m	[33m[nestJs.InstanceLoader][39m [92mMongooseModule dependencies initialized[39m 
[2025-11-18 08:43:52.792] Popup received output: [92m[development][39m 2025-11-18T07:43:52.690Z                                  [92mInfo[39m	[33m[nestJs.InstanceLoader][39m [92mMongooseModule dependencies initialized[39m 
[2025-11-18 08:43:52.792] Popup received output: [92m[development][39m 2025-11-18T07:43:52.690Z                                  [92mInfo[39m	[33m[nestJs.InstanceLoader][39m [92mMongooseModule dependencies initialized[39m 
[2025-11-18 08:43:52.792] Popup received output: [92m[development][39m 2025-11-18T07:43:52.690Z                                  [92mInfo[39m	[33m[nestJs.InstanceLoader][39m [92mMongooseModule dependencies initialized[39m 
[2025-11-18 08:43:52.792] Popup received output: [92m[development][39m 2025-11-18T07:43:52.690Z                                  [92mInfo[39m	[33m[nestJs.InstanceLoader][39m [92mMongooseModule dependencies initialized[39m 
[2025-11-18 08:43:52.792] Popup received output: [92m[development][39m 2025-11-18T07:43:52.690Z                                  [92mInfo[39m	[33m[nestJs.InstanceLoader][39m [92mMongooseModule dependencies initialized[39m 
[2025-11-18 08:43:52.792] Popup received output: [92m[development][39m 2025-11-18T07:43:52.692Z                                  [92mInfo[39m	[33m[nestJs.InstanceLoader][39m [92mMongooseModule dependencies initialized[39m 
[2025-11-18 08:43:52.792] Popup received output: [92m[development][39m 2025-11-18T07:43:52.694Z                                  [92mInfo[39m	[33m[nestJs.InstanceLoader][39m [92mQueueManagementModule dependencies initialized[39m 
[2025-11-18 08:43:52.792] Popup received output: [92m[development][39m 2025-11-18T07:43:52.695Z                                  [92mInfo[39m	[33m[nestJs.InstanceLoader][39m [92mFeedbackModule dependencies initialized[39m 
[2025-11-18 08:43:52.792] Popup received output: [92m[development][39m 2025-11-18T07:43:52.695Z                                  [92mInfo[39m	[33m[nestJs.InstanceLoader][39m [92mLuceVipModule dependencies initialized[39m 
[2025-11-18 08:43:52.792] Popup received output: [92m[development][39m 2025-11-18T07:43:52.695Z                                  [92mInfo[39m	[33m[nestJs.InstanceLoader][39m [92mScriptModule dependencies initialized[39m 
[2025-11-18 08:43:52.792] Popup received output: [92m[development][39m 2025-11-18T07:43:52.695Z                                  [92mInfo[39m	[33m[nestJs.InstanceLoader][39m [92mPepModule dependencies initialized[39m 
[2025-11-18 08:43:53.309] Popup received output: [92m[development][39m 2025-11-18T07:43:53.282Z                                  [92mInfo[39m	[33m[nestJs.InstanceLoader][39m [92mAlertBannerModule dependencies initialized[39m 
[2025-11-18 08:43:53.422] Popup received output: [92m[development][39m 2025-11-18T07:43:53.317Z                                  [92mInfo[39m	[33m[nestJs.InstanceLoader][39m [92mNobuyModule dependencies initialized[39m 
[2025-11-18 08:43:53.423] Popup received output: [92m[development][39m 2025-11-18T07:43:53.317Z                                  [92mInfo[39m	[33m[nestJs.InstanceLoader][39m [92mStoryModule dependencies initialized[39m 
[2025-11-18 08:43:53.423] Popup received output: [92m[development][39m 2025-11-18T07:43:53.317Z                                  [92mInfo[39m	[33m[nestJs.InstanceLoader][39m [92mSurveyModule dependencies initialized[39m 
[2025-11-18 08:43:53.423] Popup received output: [92m[development][39m 2025-11-18T07:43:53.317Z                                  [92mInfo[39m	[33m[nestJs.InstanceLoader][39m [92mMarketingModule dependencies initialized[39m 
[2025-11-18 08:43:53.423] Popup received output: [92m[development][39m 2025-11-18T07:43:53.317Z                                  [92mInfo[39m	[33m[nestJs.InstanceLoader][39m [92mGTGNewsModule dependencies initialized[39m 
[2025-11-18 08:43:53.423] Popup received output: [92m[development][39m 2025-11-18T07:43:53.318Z                                  [92mInfo[39m	[33m[nestJs.InstanceLoader][39m [92mAuthModule dependencies initialized[39m 
[2025-11-18 08:43:53.423] Popup received output: [92m[development][39m 2025-11-18T07:43:53.318Z                                  [92mInfo[39m	[33m[nestJs.InstanceLoader][39m [92mConfigModule dependencies initialized[39m 
[2025-11-18 08:43:53.423] Popup received output: [92m[development][39m 2025-11-18T07:43:53.318Z                                  [92mInfo[39m	[33m[nestJs.InstanceLoader][39m [92mEventModule dependencies initialized[39m 
[2025-11-18 08:43:53.423] Popup received output: [92m[development][39m 2025-11-18T07:43:53.318Z                                  [92mInfo[39m	[33m[nestJs.InstanceLoader][39m [92mPermissionModule dependencies initialized[39m 
[2025-11-18 08:43:53.423] Popup received output: [92m[development][39m 2025-11-18T07:43:53.319Z                                  [92mInfo[39m	[33m[nestJs.InstanceLoader][39m [92mInspirationModule dependencies initialized[39m 
[2025-11-18 08:43:53.423] Popup received output: [92m[development][39m 2025-11-18T07:43:53.319Z                                  [92mInfo[39m	[33m[nestJs.InstanceLoader][39m [92mStockModule dependencies initialized[39m 
[2025-11-18 08:43:53.423] Popup received output: [92m[development][39m 2025-11-18T07:43:53.319Z                                  [92mInfo[39m	[33m[nestJs.InstanceLoader][39m [92mAfterSaleModule dependencies initialized[39m 
[2025-11-18 08:43:53.423] Popup received output: [92m[development][39m 2025-11-18T07:43:53.319Z                                  [92mInfo[39m	[33m[nestJs.InstanceLoader][39m [92mSaleModule dependencies initialized[39m 
[2025-11-18 08:43:53.423] Popup received output: [92m[development][39m 2025-11-18T07:43:53.319Z                                  [92mInfo[39m	[33m[nestJs.InstanceLoader][39m [92mWinModule dependencies initialized[39m 
[2025-11-18 08:43:53.423] Popup received output: [92m[development][39m 2025-11-18T07:43:53.320Z                                  [92mInfo[39m	[33m[nestJs.InstanceLoader][39m [92mWaitingListModule dependencies initialized[39m 
[2025-11-18 08:43:53.423] Popup received output: [92m[development][39m 2025-11-18T07:43:53.320Z                                  [92mInfo[39m	[33m[nestJs.InstanceLoader][39m [92mRecommandationModule dependencies initialized[39m 
[2025-11-18 08:43:53.423] Popup received output: [92m[development][39m 2025-11-18T07:43:53.320Z                                  [92mInfo[39m	[33m[nestJs.InstanceLoader][39m [92mGiftModule dependencies initialized[39m 
[2025-11-18 08:43:53.423] Popup received output: [92m[development][39m 2025-11-18T07:43:53.320Z                                  [92mInfo[39m	[33m[nestJs.InstanceLoader][39m [92mChatModule dependencies initialized[39m 
[2025-11-18 08:43:53.423] Popup received output: [92m[development][39m 2025-11-18T07:43:53.320Z                                  [92mInfo[39m	[33m[nestJs.InstanceLoader][39m [92mTemplateModule dependencies initialized[39m 
[2025-11-18 08:43:53.423] Popup received output: [92m[development][39m 2025-11-18T07:43:53.320Z                                  [92mInfo[39m	[33m[nestJs.InstanceLoader][39m [92mBasketModule dependencies initialized[39m 
[2025-11-18 08:43:53.423] Popup received output: [92m[development][39m 2025-11-18T07:43:53.320Z                                  [92mInfo[39m	[33m[nestJs.InstanceLoader][39m [92mOrderModule dependencies initialized[39m 
[2025-11-18 08:43:53.423] Popup received output: [92m[development][39m 2025-11-18T07:43:53.320Z                                  [92mInfo[39m	[33m[nestJs.InstanceLoader][39m [92mCuratedSelectionModule dependencies initialized[39m 
[2025-11-18 08:43:53.423] Popup received output: [92m[development][39m 2025-11-18T07:43:53.320Z                                  [92mInfo[39m	[33m[nestJs.InstanceLoader][39m [92mProductModule dependencies initialized[39m 
[2025-11-18 08:43:53.423] Popup received output: [92m[development][39m 2025-11-18T07:43:53.320Z                                  [92mInfo[39m	[33m[nestJs.InstanceLoader][39m [92mTaskV2Module dependencies initialized[39m 
[2025-11-18 08:43:53.423] Popup received output: [92m[development][39m 2025-11-18T07:43:53.320Z                                  [92mInfo[39m	[33m[nestJs.InstanceLoader][39m [92mStoreModule dependencies initialized[39m 
[2025-11-18 08:43:53.423] Popup received output: [92m[development][39m 2025-11-18T07:43:53.321Z                                  [92mInfo[39m	[33m[nestJs.InstanceLoader][39m [92mClientModule dependencies initialized[39m 
[2025-11-18 08:43:53.423] Popup received output: [92m[development][39m 2025-11-18T07:43:53.321Z                                  [92mInfo[39m	[33m[nestJs.InstanceLoader][39m [92mPriceModule dependencies initialized[39m 
[2025-11-18 08:43:53.423] Popup received output: [92m[development][39m 2025-11-18T07:43:53.321Z                                  [92mInfo[39m	[33m[nestJs.InstanceLoader][39m [92mRunnerBoosterModule dependencies initialized[39m 
[2025-11-18 08:43:53.423] Popup received output: [92m[development][39m 2025-11-18T07:43:53.321Z                                  [92mInfo[39m	[33m[nestJs.InstanceLoader][39m [92mUserModule dependencies initialized[39m 
[2025-11-18 08:43:53.423] Popup received output: [92m[development][39m 2025-11-18T07:43:53.358Z                                  [92mInfo[39m	[33m[nestJs.InstanceLoader][39m [92mGraphQLModule dependencies initialized[39m 
[2025-11-18 08:43:53.537] Popup received output: [92m[development][39m 2025-11-18T07:43:53.533Z                                  [92mInfo[39m	[33m[nestJs.RoutesResolver][39m [92mPermissionController {/api/permission}:[39m 
[2025-11-18 08:43:53.537] Popup received output: [92m[development][39m 2025-11-18T07:43:53.534Z                                  [92mInfo[39m	[33m[nestJs.RouterExplorer][39m [92mMapped {/api/permission, DELETE} route[39m 
[2025-11-18 08:43:53.537] Popup received output: [92m[development][39m 2025-11-18T07:43:53.534Z                                  [92mInfo[39m	[33m[nestJs.RoutesResolver][39m [92mUserController {/api/user}:[39m 
[2025-11-18 08:43:53.537] Popup received output: [92m[development][39m 2025-11-18T07:43:53.535Z                                  [92mInfo[39m	[33m[nestJs.RouterExplorer][39m [92mMapped {/api/user/test, GET} route[39m 
[2025-11-18 08:43:53.537] Popup received output: [92m[development][39m 2025-11-18T07:43:53.535Z                                  [92mInfo[39m	[33m[nestJs.RouterExplorer][39m [92mMapped {/api/user/sales_associates, GET} route[39m 
[2025-11-18 08:43:53.537] Popup received output: [92m[development][39m 2025-11-18T07:43:53.535Z                                  [92mInfo[39m	[33m[nestJs.RouterExplorer][39m [92mMapped {/api/user, PATCH} route[39m 
[2025-11-18 08:43:53.537] Popup received output: [92m[development][39m 2025-11-18T07:43:53.535Z                                  [92mInfo[39m	[33m[nestJs.RouterExplorer][39m [92mMapped {/api/user, PUT} route[39m 
[2025-11-18 08:43:53.537] Popup received output: [92m[development][39m 2025-11-18T07:43:53.535Z                                  [92mInfo[39m	[33m[nestJs.RoutesResolver][39m [92mWinController {/api/win}:[39m 
[2025-11-18 08:43:53.537] Popup received output: [92m[development][39m 2025-11-18T07:43:53.535Z                                  [92mInfo[39m	[33m[nestJs.RouterExplorer][39m [92mMapped {/api/win/kpi_grouped_by, GET} route[39m 
[2025-11-18 08:43:53.537] Popup received output: [92m[development][39m 2025-11-18T07:43:53.535Z                                  [92mInfo[39m	[33m[nestJs.RouterExplorer][39m [92mMapped {/api/win/kpi_with_currency_grouped_by, GET} route[39m 
[2025-11-18 08:43:53.537] Popup received output: [92m[development][39m 2025-11-18T07:43:53.535Z                                  [92mInfo[39m	[33m[nestJs.RouterExplorer][39m [92mMapped {/api/win/kpi_trend, GET} route[39m 
[2025-11-18 08:43:53.537] Popup received output: [92m[development][39m 2025-11-18T07:43:53.535Z                                  [92mInfo[39m	[33m[nestJs.RouterExplorer][39m [92mMapped {/api/win/kpi_with_currency_trend, GET} route[39m 
[2025-11-18 08:43:53.537] Popup received output: [92m[development][39m 2025-11-18T07:43:53.535Z                                  [92mInfo[39m	[33m[nestJs.RouterExplorer][39m [92mMapped {/api/win/list, GET} route[39m 
[2025-11-18 08:43:53.537] Popup received output: [92m[development][39m 2025-11-18T07:43:53.536Z                                  [92mInfo[39m	[33m[nestJs.RouterExplorer][39m [92mMapped {/api/win/list_with_currency, GET} route[39m 
[2025-11-18 08:43:53.537] Popup received output: [92m[development][39m 2025-11-18T07:43:53.536Z                                  [92mInfo[39m	[33m[nestJs.RouterExplorer][39m [92mMapped {/api/win/count_by_store_code, GET} route[39m 
[2025-11-18 08:43:53.537] Popup received output: [92m[development][39m 2025-11-18T07:43:53.536Z                                  [92mInfo[39m	[33m[nestJs.RoutesResolver][39m [92mAuthController {/api/auth}:[39m 
[2025-11-18 08:43:53.537] Popup received output: [92m[development][39m 2025-11-18T07:43:53.536Z                                  [92mInfo[39m	[33m[nestJs.RouterExplorer][39m [92mMapped {/api/auth/token, GET} route[39m 
[2025-11-18 08:43:53.537] Popup received output: [92m[development][39m 2025-11-18T07:43:53.536Z                                  [92mInfo[39m	[33m[nestJs.RoutesResolver][39m [92mTargetController {/api/store}:[39m 
[2025-11-18 08:43:53.537] Popup received output: [92m[development][39m 2025-11-18T07:43:53.536Z                                  [92mInfo[39m	[33m[nestJs.RouterExplorer][39m [92mMapped {/api/store/sales_target, GET} route[39m 
[2025-11-18 08:43:53.537] Popup received output: [92m[development][39m 2025-11-18T07:43:53.536Z                                  [92mInfo[39m	[33m[nestJs.RoutesResolver][39m [92mStoreTimezoneController {/api/store}:[39m 
[2025-11-18 08:43:53.537] Popup received output: [92m[development][39m 2025-11-18T07:43:53.536Z                                  [92mInfo[39m	[33m[nestJs.RouterExplorer][39m [92mMapped {/api/store/timezone, PATCH} route[39m 
[2025-11-18 08:43:53.537] Popup received output: [92m[development][39m 2025-11-18T07:43:53.536Z                                  [92mInfo[39m	[33m[nestJs.RoutesResolver][39m [92mStoreController {/api/store}:[39m 
[2025-11-18 08:43:53.537] Popup received output: [92m[development][39m 2025-11-18T07:43:53.536Z                                  [92mInfo[39m	[33m[nestJs.RouterExplorer][39m [92mMapped {/api/store, PATCH} route[39m 
[2025-11-18 08:43:53.537] Popup received output: [92m[development][39m 2025-11-18T07:43:53.537Z                                  [92mInfo[39m	[33m[nestJs.RouterExplorer][39m [92mMapped {/api/store/region, PATCH} route[39m 
[2025-11-18 08:43:53.537] Popup received output: [92m[development][39m 2025-11-18T07:43:53.537Z                                  [92mInfo[39m	[33m[nestJs.RouterExplorer][39m [92mMapped {/api/store/:storeCode, GET} route[39m 
[2025-11-18 08:43:53.537] Popup received output: [92m[development][39m 2025-11-18T07:43:53.537Z                                  [92mInfo[39m	[33m[nestJs.RoutesResolver][39m [92mTaskController {/api/task}:[39m 
[2025-11-18 08:43:53.537] Popup received output: [92m[development][39m 2025-11-18T07:43:53.537Z                                  [92mInfo[39m	[33m[nestJs.RouterExplorer][39m [92mMapped {/api/task, PATCH} route[39m 
[2025-11-18 08:43:53.537] Popup received output: [92m[development][39m 2025-11-18T07:43:53.537Z                                  [92mInfo[39m	[33m[nestJs.RoutesResolver][39m [92mRunnerBoosterController {/api/runnerBooster}:[39m 
[2025-11-18 08:43:53.537] Popup received output: [92m[development][39m 2025-11-18T07:43:53.537Z                                  [92mInfo[39m	[33m[nestJs.RouterExplorer][39m [92mMapped {/api/runnerBooster/runnerAvailability, PUT} route[39m 
[2025-11-18 08:43:53.537] Popup received output: [92m[development][39m 2025-11-18T07:43:53.537Z                                  [92mInfo[39m	[33m[nestJs.RouterExplorer][39m [92mMapped {/api/runnerBooster, PATCH} route[39m 
[2025-11-18 08:43:53.537] Popup received output: [92m[development][39m 2025-11-18T07:43:53.537Z                                  [92mInfo[39m	[33m[nestJs.RoutesResolver][39m [92mCuratedSelectionController {/api/curated-selection}:[39m 
[2025-11-18 08:43:53.537] Popup received output: [92m[development][39m 2025-11-18T07:43:53.537Z                                  [92mInfo[39m	[33m[nestJs.RouterExplorer][39m [92mMapped {/api/curated-selection/catalog, PUT} route[39m 
[2025-11-18 08:43:53.537] Popup received output: [92m[development][39m 2025-11-18T07:43:53.537Z                                  [92mInfo[39m	[33m[nestJs.RoutesResolver][39m [92mHeartbeatController {/api/monitoring}:[39m 
[2025-11-18 08:43:53.537] Popup received output: [92m[development][39m 2025-11-18T07:43:53.537Z                                  [92mInfo[39m	[33m[nestJs.RouterExplorer][39m [92mMapped {/api/monitoring/heartbeat, GET} route[39m 
[2025-11-18 08:43:53.752] Popup received output: [92m[development][39m 2025-11-18T07:43:53.686Z                                  [92mInfo[39m	[33m[nestJs.GraphQLModule][39m [92mMapped {/graphql, POST} route[39m 
[2025-11-18 08:43:53.752] Popup received output: [92m[development][39m 2025-11-18T07:43:53.689Z                                  [92mInfo[39m	[33m[nestJs.NestApplication][39m [92mNest application successfully started[39m 
[2025-11-18 08:43:53.752] Popup received output: [31m[development][39m 2025-11-18T07:43:53.690Z                                  [31mError[39m	[33m[nestJs.NestApplication][39m [31mError: listen EADDRINUSE: address already in use 0.0.0.0:8081[39m 
[2025-11-18 08:43:53.752] Popup received output: [stderr] Error: listen EADDRINUSE: address already in use 0.0.0.0:8081
[2025-11-18 08:43:53.752] Popup received output: [stderr]     at Server.setupListenHandle [as _listen2] (node:net:1908:16)
[2025-11-18 08:43:53.752] Popup received output: [stderr]     at listenInCluster (node:net:1965:12)
[2025-11-18 08:43:53.752] Popup received output: [stderr]     at doListen (node:net:2139:7)
[2025-11-18 08:43:53.752] Popup received output: [stderr]     at processTicksAndRejections (node:internal/process/task_queues:83:21)
[2025-11-18 08:44:12.460] handle_popup_input: key=KeyEvent { code: Up, modifiers: KeyModifiers(0x0), kind: Press, state: KeyEventState(0x0) }
[2025-11-18 08:44:12.460] Popup state: Executing
[2025-11-18 08:44:12.502] handle_popup_input: key=KeyEvent { code: Up, modifiers: KeyModifiers(0x0), kind: Press, state: KeyEventState(0x0) }
[2025-11-18 08:44:12.502] Popup state: Executing
[2025-11-18 08:44:12.531] handle_popup_input: key=KeyEvent { code: Up, modifiers: KeyModifiers(0x0), kind: Press, state: KeyEventState(0x0) }
[2025-11-18 08:44:12.531] Popup state: Executing
[2025-11-18 08:44:12.592] handle_popup_input: key=KeyEvent { code: Up, modifiers: KeyModifiers(0x0), kind: Press, state: KeyEventState(0x0) }
[2025-11-18 08:44:12.592] Popup state: Executing
[2025-11-18 08:44:12.843] handle_popup_input: key=KeyEvent { code: Down, modifiers: KeyModifiers(0x0), kind: Press, state: KeyEventState(0x0) }
[2025-11-18 08:44:12.843] Popup state: Executing
[2025-11-18 08:44:12.870] handle_popup_input: key=KeyEvent { code: Down, modifiers: KeyModifiers(0x0), kind: Press, state: KeyEventState(0x0) }
[2025-11-18 08:44:12.870] Popup state: Executing
[2025-11-18 08:44:12.891] handle_popup_input: key=KeyEvent { code: Down, modifiers: KeyModifiers(0x0), kind: Press, state: KeyEventState(0x0) }
[2025-11-18 08:44:12.892] Popup state: Executing
[2025-11-18 08:44:12.918] handle_popup_input: key=KeyEvent { code: Down, modifiers: KeyModifiers(0x0), kind: Press, state: KeyEventState(0x0) }
[2025-11-18 08:44:12.919] Popup state: Executing
[2025-11-18 08:44:12.949] handle_popup_input: key=KeyEvent { code: Down, modifiers: KeyModifiers(0x0), kind: Press, state: KeyEventState(0x0) }
[2025-11-18 08:44:12.949] Popup state: Executing
[2025-11-18 08:44:12.999] handle_popup_input: key=KeyEvent { code: Down, modifiers: KeyModifiers(0x0), kind: Press, state: KeyEventState(0x0) }
[2025-11-18 08:44:13.000] Popup state: Executing
[2025-11-18 08:44:13.167] handle_popup_input: key=KeyEvent { code: Up, modifiers: KeyModifiers(0x0), kind: Press, state: KeyEventState(0x0) }
[2025-11-18 08:44:13.167] Popup state: Executing
[2025-11-18 08:44:13.186] handle_popup_input: key=KeyEvent { code: Up, modifiers: KeyModifiers(0x0), kind: Press, state: KeyEventState(0x0) }
[2025-11-18 08:44:13.186] Popup state: Executing
[2025-11-18 08:44:13.200] handle_popup_input: key=KeyEvent { code: Up, modifiers: KeyModifiers(0x0), kind: Press, state: KeyEventState(0x0) }
[2025-11-18 08:44:13.200] Popup state: Executing
[2025-11-18 08:44:13.216] handle_popup_input: key=KeyEvent { code: Up, modifiers: KeyModifiers(0x0), kind: Press, state: KeyEventState(0x0) }
[2025-11-18 08:44:13.216] Popup state: Executing
[2025-11-18 08:45:01.513] handle_popup_input: key=KeyEvent { code: Esc, modifiers: KeyModifiers(0x0), kind: Press, state: KeyEventState(0x0) }
[2025-11-18 08:45:01.513] Popup state: Executing
[2025-11-18 08:45:01.513] Esc pressed - closing executing popup
[2025-11-18 08:48:16.897] === TUI Debug Log Started ===
[2025-11-18 08:48:16.897] TuiApp::new() called
[2025-11-18 08:48:16.905] TuiApp::run() starting
[2025-11-18 08:48:21.218] execute_command_async: Starting command
[2025-11-18 08:48:21.749] execute_command_async: Stop command finished
[2025-11-18 08:48:21.840] Received Success
[2025-11-18 08:48:23.906] handle_popup_input: key=KeyEvent { code: Up, modifiers: KeyModifiers(0x0), kind: Press, state: KeyEventState(0x0) }
[2025-11-18 08:48:23.906] Popup state: Executing
[2025-11-18 08:48:24.281] handle_popup_input: key=KeyEvent { code: Down, modifiers: KeyModifiers(0x0), kind: Press, state: KeyEventState(0x0) }
[2025-11-18 08:48:24.285] Popup state: Executing
[2025-11-18 08:48:24.670] handle_popup_input: key=KeyEvent { code: Up, modifiers: KeyModifiers(0x0), kind: Press, state: KeyEventState(0x0) }
[2025-11-18 08:48:24.670] Popup state: Executing
[2025-11-18 08:48:25.010] handle_popup_input: key=KeyEvent { code: Esc, modifiers: KeyModifiers(0x0), kind: Press, state: KeyEventState(0x0) }
[2025-11-18 08:48:25.010] Popup state: Executing
[2025-11-18 08:48:25.010] Esc pressed - closing executing popup
[2025-11-18 08:48:34.127] handle_popup_input: key=KeyEvent { code: Enter, modifiers: KeyModifiers(0x0), kind: Press, state: KeyEventState(0x0) }
[2025-11-18 08:48:34.127] Popup state: Confirm
[2025-11-18 08:48:34.127] Enter pressed - executing command
[2025-11-18 08:48:34.127] execute_command_from_popup called
[2025-11-18 08:48:34.127] Sending command request: CommandRequest { app_name: "luce-api", project: "luce", environment: "local", command_name: "start:local", command_type: Start }
[2025-11-18 08:48:34.127] Popup set to executing state
[2025-11-18 08:48:34.127] Command sent to background task
[2025-11-18 08:48:34.127] execute_command_async: Starting command
[2025-11-18 08:48:36.137] execute_command_async: Start command finished
[2025-11-18 08:48:36.185] Received Success
[2025-11-18 08:48:56.504] handle_popup_input: key=KeyEvent { code: End, modifiers: KeyModifiers(0x0), kind: Press, state: KeyEventState(0x0) }
[2025-11-18 08:48:56.505] Popup state: Executing
[2025-11-18 08:49:18.392] handle_popup_input: key=KeyEvent { code: Down, modifiers: KeyModifiers(0x0), kind: Press, state: KeyEventState(0x0) }
[2025-11-18 08:49:18.393] Popup state: Executing
[2025-11-18 08:49:19.340] handle_popup_input: key=KeyEvent { code: Up, modifiers: KeyModifiers(0x0), kind: Press, state: KeyEventState(0x0) }
[2025-11-18 08:49:19.340] Popup state: Executing
[2025-11-18 08:49:19.614] handle_popup_input: key=KeyEvent { code: Up, modifiers: KeyModifiers(0x0), kind: Press, state: KeyEventState(0x0) }
[2025-11-18 08:49:19.615] Popup state: Executing
[2025-11-18 08:49:19.952] handle_popup_input: key=KeyEvent { code: Down, modifiers: KeyModifiers(0x0), kind: Press, state: KeyEventState(0x0) }
[2025-11-18 08:49:19.952] Popup state: Executing
[2025-11-18 08:49:20.275] handle_popup_input: key=KeyEvent { code: Down, modifiers: KeyModifiers(0x0), kind: Press, state: KeyEventState(0x0) }
[2025-11-18 08:49:20.275] Popup state: Executing
[2025-11-18 08:49:20.479] handle_popup_input: key=KeyEvent { code: Down, modifiers: KeyModifiers(0x0), kind: Press, state: KeyEventState(0x0) }
[2025-11-18 08:49:20.479] Popup state: Executing
[2025-11-18 08:49:20.978] handle_popup_input: key=KeyEvent { code: Down, modifiers: KeyModifiers(0x0), kind: Press, state: KeyEventState(0x0) }
[2025-11-18 08:49:20.978] Popup state: Executing
[2025-11-18 08:49:21.061] handle_popup_input: key=KeyEvent { code: Down, modifiers: KeyModifiers(0x0), kind: Press, state: KeyEventState(0x0) }
[2025-11-18 08:49:21.061] Popup state: Executing
[2025-11-18 08:49:21.146] handle_popup_input: key=KeyEvent { code: Down, modifiers: KeyModifiers(0x0), kind: Press, state: KeyEventState(0x0) }
[2025-11-18 08:49:21.146] Popup state: Executing
[2025-11-18 08:49:21.230] handle_popup_input: key=KeyEvent { code: Down, modifiers: KeyModifiers(0x0), kind: Press, state: KeyEventState(0x0) }
[2025-11-18 08:49:21.231] Popup state: Executing
[2025-11-18 08:49:21.313] handle_popup_input: key=KeyEvent { code: Down, modifiers: KeyModifiers(0x0), kind: Press, state: KeyEventState(0x0) }
[2025-11-18 08:49:21.313] Popup state: Executing
[2025-11-18 08:49:21.397] handle_popup_input: key=KeyEvent { code: Down, modifiers: KeyModifiers(0x0), kind: Press, state: KeyEventState(0x0) }
[2025-11-18 08:49:21.397] Popup state: Executing
[2025-11-18 08:49:21.480] handle_popup_input: key=KeyEvent { code: Down, modifiers: KeyModifiers(0x0), kind: Press, state: KeyEventState(0x0) }
[2025-11-18 08:49:21.480] Popup state: Executing
[2025-11-18 08:49:21.563] handle_popup_input: key=KeyEvent { code: Down, modifiers: KeyModifiers(0x0), kind: Press, state: KeyEventState(0x0) }
[2025-11-18 08:49:21.563] Popup state: Executing
[2025-11-18 08:49:21.646] handle_popup_input: key=KeyEvent { code: Down, modifiers: KeyModifiers(0x0), kind: Press, state: KeyEventState(0x0) }
[2025-11-18 08:49:21.646] Popup state: Executing
[2025-11-18 08:49:21.730] handle_popup_input: key=KeyEvent { code: Down, modifiers: KeyModifiers(0x0), kind: Press, state: KeyEventState(0x0) }
[2025-11-18 08:49:21.731] Popup state: Executing
[2025-11-18 08:49:21.818] handle_popup_input: key=KeyEvent { code: Down, modifiers: KeyModifiers(0x0), kind: Press, state: KeyEventState(0x0) }
[2025-11-18 08:49:21.818] Popup state: Executing
[2025-11-18 08:49:21.899] handle_popup_input: key=KeyEvent { code: Down, modifiers: KeyModifiers(0x0), kind: Press, state: KeyEventState(0x0) }
[2025-11-18 08:49:21.900] Popup state: Executing
[2025-11-18 08:49:21.983] handle_popup_input: key=KeyEvent { code: Down, modifiers: KeyModifiers(0x0), kind: Press, state: KeyEventState(0x0) }
[2025-11-18 08:49:21.983] Popup state: Executing
[2025-11-18 08:49:22.068] handle_popup_input: key=KeyEvent { code: Down, modifiers: KeyModifiers(0x0), kind: Press, state: KeyEventState(0x0) }
[2025-11-18 08:49:22.068] Popup state: Executing
[2025-11-18 08:49:22.150] handle_popup_input: key=KeyEvent { code: Down, modifiers: KeyModifiers(0x0), kind: Press, state: KeyEventState(0x0) }
[2025-11-18 08:49:22.150] Popup state: Executing
[2025-11-18 08:49:22.235] handle_popup_input: key=KeyEvent { code: Down, modifiers: KeyModifiers(0x0), kind: Press, state: KeyEventState(0x0) }
[2025-11-18 08:49:22.235] Popup state: Executing
[2025-11-18 08:49:22.319] handle_popup_input: key=KeyEvent { code: Down, modifiers: KeyModifiers(0x0), kind: Press, state: KeyEventState(0x0) }
[2025-11-18 08:49:22.319] Popup state: Executing
[2025-11-18 08:49:22.401] handle_popup_input: key=KeyEvent { code: Down, modifiers: KeyModifiers(0x0), kind: Press, state: KeyEventState(0x0) }
[2025-11-18 08:49:22.401] Popup state: Executing
[2025-11-18 08:49:22.485] handle_popup_input: key=KeyEvent { code: Down, modifiers: KeyModifiers(0x0), kind: Press, state: KeyEventState(0x0) }
[2025-11-18 08:49:22.485] Popup state: Executing
[2025-11-18 08:49:23.589] handle_popup_input: key=KeyEvent { code: PageDown, modifiers: KeyModifiers(0x0), kind: Press, state: KeyEventState(0x0) }
[2025-11-18 08:49:23.589] Popup state: Executing
[2025-11-18 08:49:23.944] handle_popup_input: key=KeyEvent { code: PageDown, modifiers: KeyModifiers(0x0), kind: Press, state: KeyEventState(0x0) }
[2025-11-18 08:49:23.944] Popup state: Executing
[2025-11-18 08:49:24.208] handle_popup_input: key=KeyEvent { code: PageDown, modifiers: KeyModifiers(0x0), kind: Press, state: KeyEventState(0x0) }
[2025-11-18 08:49:24.208] Popup state: Executing
[2025-11-18 08:49:24.437] handle_popup_input: key=KeyEvent { code: PageDown, modifiers: KeyModifiers(0x0), kind: Press, state: KeyEventState(0x0) }
[2025-11-18 08:49:24.437] Popup state: Executing
[2025-11-18 08:49:24.626] handle_popup_input: key=KeyEvent { code: PageDown, modifiers: KeyModifiers(0x0), kind: Press, state: KeyEventState(0x0) }
[2025-11-18 08:49:24.626] Popup state: Executing
[2025-11-18 08:49:24.814] handle_popup_input: key=KeyEvent { code: PageDown, modifiers: KeyModifiers(0x0), kind: Press, state: KeyEventState(0x0) }
[2025-11-18 08:49:24.815] Popup state: Executing
[2025-11-18 08:49:24.975] handle_popup_input: key=KeyEvent { code: PageDown, modifiers: KeyModifiers(0x0), kind: Press, state: KeyEventState(0x0) }
[2025-11-18 08:49:24.975] Popup state: Executing
[2025-11-18 08:49:25.160] handle_popup_input: key=KeyEvent { code: PageDown, modifiers: KeyModifiers(0x0), kind: Press, state: KeyEventState(0x0) }
[2025-11-18 08:49:25.160] Popup state: Executing
[2025-11-18 08:49:25.337] handle_popup_input: key=KeyEvent { code: PageDown, modifiers: KeyModifiers(0x0), kind: Press, state: KeyEventState(0x0) }
[2025-11-18 08:49:25.338] Popup state: Executing
[2025-11-18 08:49:25.492] handle_popup_input: key=KeyEvent { code: PageDown, modifiers: KeyModifiers(0x0), kind: Press, state: KeyEventState(0x0) }
[2025-11-18 08:49:25.492] Popup state: Executing
[2025-11-18 08:49:25.664] handle_popup_input: key=KeyEvent { code: PageDown, modifiers: KeyModifiers(0x0), kind: Press, state: KeyEventState(0x0) }
[2025-11-18 08:49:25.664] Popup state: Executing
[2025-11-18 08:49:25.823] handle_popup_input: key=KeyEvent { code: PageDown, modifiers: KeyModifiers(0x0), kind: Press, state: KeyEventState(0x0) }
[2025-11-18 08:49:25.823] Popup state: Executing
[2025-11-18 08:49:25.980] handle_popup_input: key=KeyEvent { code: PageDown, modifiers: KeyModifiers(0x0), kind: Press, state: KeyEventState(0x0) }
[2025-11-18 08:49:25.980] Popup state: Executing
[2025-11-18 08:49:26.154] handle_popup_input: key=KeyEvent { code: PageDown, modifiers: KeyModifiers(0x0), kind: Press, state: KeyEventState(0x0) }
[2025-11-18 08:49:26.154] Popup state: Executing
[2025-11-18 08:49:26.304] handle_popup_input: key=KeyEvent { code: PageDown, modifiers: KeyModifiers(0x0), kind: Press, state: KeyEventState(0x0) }
[2025-11-18 08:49:26.305] Popup state: Executing
[2025-11-18 08:49:26.478] handle_popup_input: key=KeyEvent { code: PageDown, modifiers: KeyModifiers(0x0), kind: Press, state: KeyEventState(0x0) }
[2025-11-18 08:49:26.478] Popup state: Executing
[2025-11-18 08:49:26.979] handle_popup_input: key=KeyEvent { code: PageDown, modifiers: KeyModifiers(0x0), kind: Press, state: KeyEventState(0x0) }
[2025-11-18 08:49:26.979] Popup state: Executing
[2025-11-18 08:49:27.760] handle_popup_input: key=KeyEvent { code: PageDown, modifiers: KeyModifiers(0x0), kind: Press, state: KeyEventState(0x0) }
[2025-11-18 08:49:27.761] Popup state: Executing
[2025-11-18 08:49:28.001] handle_popup_input: key=KeyEvent { code: PageDown, modifiers: KeyModifiers(0x0), kind: Press, state: KeyEventState(0x0) }
[2025-11-18 08:49:28.001] Popup state: Executing
[2025-11-18 08:49:28.701] handle_popup_input: key=KeyEvent { code: PageUp, modifiers: KeyModifiers(0x0), kind: Press, state: KeyEventState(0x0) }
[2025-11-18 08:49:28.701] Popup state: Executing
[2025-11-18 08:49:28.892] handle_popup_input: key=KeyEvent { code: PageUp, modifiers: KeyModifiers(0x0), kind: Press, state: KeyEventState(0x0) }
[2025-11-18 08:49:28.892] Popup state: Executing
[2025-11-18 08:49:29.064] handle_popup_input: key=KeyEvent { code: PageUp, modifiers: KeyModifiers(0x0), kind: Press, state: KeyEventState(0x0) }
[2025-11-18 08:49:29.064] Popup state: Executing
[2025-11-18 08:49:29.243] handle_popup_input: key=KeyEvent { code: PageUp, modifiers: KeyModifiers(0x0), kind: Press, state: KeyEventState(0x0) }
[2025-11-18 08:49:29.243] Popup state: Executing
[2025-11-18 08:49:29.640] handle_popup_input: key=KeyEvent { code: PageDown, modifiers: KeyModifiers(0x0), kind: Press, state: KeyEventState(0x0) }
[2025-11-18 08:49:29.640] Popup state: Executing
[2025-11-18 08:49:29.819] handle_popup_input: key=KeyEvent { code: PageDown, modifiers: KeyModifiers(0x0), kind: Press, state: KeyEventState(0x0) }
[2025-11-18 08:49:29.819] Popup state: Executing
[2025-11-18 08:49:29.988] handle_popup_input: key=KeyEvent { code: PageDown, modifiers: KeyModifiers(0x0), kind: Press, state: KeyEventState(0x0) }
[2025-11-18 08:49:29.988] Popup state: Executing
[2025-11-18 08:49:30.156] handle_popup_input: key=KeyEvent { code: PageDown, modifiers: KeyModifiers(0x0), kind: Press, state: KeyEventState(0x0) }
[2025-11-18 08:49:30.156] Popup state: Executing
[2025-11-18 08:49:30.314] handle_popup_input: key=KeyEvent { code: PageDown, modifiers: KeyModifiers(0x0), kind: Press, state: KeyEventState(0x0) }
[2025-11-18 08:49:30.314] Popup state: Executing
[2025-11-18 08:49:30.469] handle_popup_input: key=KeyEvent { code: PageDown, modifiers: KeyModifiers(0x0), kind: Press, state: KeyEventState(0x0) }
[2025-11-18 08:49:30.470] Popup state: Executing
[2025-11-18 08:49:30.866] handle_popup_input: key=KeyEvent { code: PageUp, modifiers: KeyModifiers(0x0), kind: Press, state: KeyEventState(0x0) }
[2025-11-18 08:49:30.866] Popup state: Executing
[2025-11-18 08:49:31.490] handle_popup_input: key=KeyEvent { code: PageDown, modifiers: KeyModifiers(0x0), kind: Press, state: KeyEventState(0x0) }
[2025-11-18 08:49:31.490] Popup state: Executing
[2025-11-18 08:49:31.824] handle_popup_input: key=KeyEvent { code: PageUp, modifiers: KeyModifiers(0x0), kind: Press, state: KeyEventState(0x0) }
[2025-11-18 08:49:31.824] Popup state: Executing
[2025-11-18 08:49:32.362] handle_popup_input: key=KeyEvent { code: PageDown, modifiers: KeyModifiers(0x0), kind: Press, state: KeyEventState(0x0) }
[2025-11-18 08:49:32.362] Popup state: Executing
[2025-11-18 08:49:32.845] handle_popup_input: key=KeyEvent { code: PageUp, modifiers: KeyModifiers(0x0), kind: Press, state: KeyEventState(0x0) }
[2025-11-18 08:49:32.845] Popup state: Executing
[2025-11-18 08:49:33.404] handle_popup_input: key=KeyEvent { code: PageUp, modifiers: KeyModifiers(0x0), kind: Press, state: KeyEventState(0x0) }
[2025-11-18 08:49:33.404] Popup state: Executing
[2025-11-18 08:49:33.986] handle_popup_input: key=KeyEvent { code: PageUp, modifiers: KeyModifiers(0x0), kind: Press, state: KeyEventState(0x0) }
[2025-11-18 08:49:33.986] Popup state: Executing
[2025-11-18 08:49:34.293] handle_popup_input: key=KeyEvent { code: PageDown, modifiers: KeyModifiers(0x0), kind: Press, state: KeyEventState(0x0) }
[2025-11-18 08:49:34.293] Popup state: Executing
[2025-11-18 08:49:34.498] handle_popup_input: key=KeyEvent { code: PageDown, modifiers: KeyModifiers(0x0), kind: Press, state: KeyEventState(0x0) }
[2025-11-18 08:49:34.498] Popup state: Executing
[2025-11-18 08:49:34.789] handle_popup_input: key=KeyEvent { code: PageDown, modifiers: KeyModifiers(0x0), kind: Press, state: KeyEventState(0x0) }
[2025-11-18 08:49:34.789] Popup state: Executing
[2025-11-18 08:49:35.003] handle_popup_input: key=KeyEvent { code: PageDown, modifiers: KeyModifiers(0x0), kind: Press, state: KeyEventState(0x0) }
[2025-11-18 08:49:35.004] Popup state: Executing
[2025-11-18 09:57:43.958] === TUI Debug Log Started ===
[2025-11-18 09:57:43.958] TuiApp::new() called
[2025-11-18 09:57:43.966] TuiApp::run() starting
[2025-11-18 09:57:49.523] execute_command_async: Starting command
[2025-11-18 09:57:50.053] execute_command_async: Stop command finished
[2025-11-18 09:57:50.145] Received Success
[2025-11-18 09:57:55.780] handle_popup_input: key=KeyEvent { code: Esc, modifiers: KeyModifiers(0x0), kind: Press, state: KeyEventState(0x0) }
[2025-11-18 09:57:55.781] Popup state: Executing
[2025-11-18 09:57:55.781] Esc pressed - closing executing popup
[2025-11-18 09:58:00.126] handle_popup_input: key=KeyEvent { code: Enter, modifiers: KeyModifiers(0x0), kind: Press, state: KeyEventState(0x0) }
[2025-11-18 09:58:00.126] Popup state: Confirm
[2025-11-18 09:58:00.126] Enter pressed - executing command
[2025-11-18 09:58:00.126] execute_command_from_popup called
[2025-11-18 09:58:00.126] Sending command request: CommandRequest { app_name: "luce-api", project: "luce", environment: "local", command_name: "start:local", command_type: Start }
[2025-11-18 09:58:00.126] Popup set to executing state
[2025-11-18 09:58:00.126] Command sent to background task
[2025-11-18 09:58:00.126] execute_command_async: Starting command
[2025-11-18 09:58:02.136] execute_command_async: Start command finished
[2025-11-18 09:58:02.190] Received Success
[2025-11-18 09:58:10.975] handle_popup_input: key=KeyEvent { code: Down, modifiers: KeyModifiers(0x0), kind: Press, state: KeyEventState(0x0) }
[2025-11-18 09:58:10.975] Popup state: Executing
[2025-11-18 09:58:11.312] handle_popup_input: key=KeyEvent { code: Down, modifiers: KeyModifiers(0x0), kind: Press, state: KeyEventState(0x0) }
[2025-11-18 09:58:11.312] Popup state: Executing
[2025-11-18 09:58:11.591] handle_popup_input: key=KeyEvent { code: Up, modifiers: KeyModifiers(0x0), kind: Press, state: KeyEventState(0x0) }
[2025-11-18 09:58:11.591] Popup state: Executing
[2025-11-18 09:58:12.047] handle_popup_input: key=KeyEvent { code: Up, modifiers: KeyModifiers(0x0), kind: Press, state: KeyEventState(0x0) }
[2025-11-18 09:58:12.047] Popup state: Executing
[2025-11-18 09:58:12.344] handle_popup_input: key=KeyEvent { code: Down, modifiers: KeyModifiers(0x0), kind: Press, state: KeyEventState(0x0) }
[2025-11-18 09:58:12.344] Popup state: Executing
[2025-11-18 09:58:12.552] handle_popup_input: key=KeyEvent { code: Down, modifiers: KeyModifiers(0x0), kind: Press, state: KeyEventState(0x0) }
[2025-11-18 09:58:12.552] Popup state: Executing
[2025-11-18 09:58:12.696] handle_popup_input: key=KeyEvent { code: Down, modifiers: KeyModifiers(0x0), kind: Press, state: KeyEventState(0x0) }
[2025-11-18 09:58:12.696] Popup state: Executing
[2025-11-18 09:58:13.008] handle_popup_input: key=KeyEvent { code: Down, modifiers: KeyModifiers(0x0), kind: Press, state: KeyEventState(0x0) }
[2025-11-18 09:58:13.008] Popup state: Executing
[2025-11-18 09:58:13.158] handle_popup_input: key=KeyEvent { code: Down, modifiers: KeyModifiers(0x0), kind: Press, state: KeyEventState(0x0) }
[2025-11-18 09:58:13.158] Popup state: Executing
[2025-11-18 09:58:13.292] handle_popup_input: key=KeyEvent { code: Down, modifiers: KeyModifiers(0x0), kind: Press, state: KeyEventState(0x0) }
[2025-11-18 09:58:13.292] Popup state: Executing
[2025-11-18 09:58:13.418] handle_popup_input: key=KeyEvent { code: Down, modifiers: KeyModifiers(0x0), kind: Press, state: KeyEventState(0x0) }
[2025-11-18 09:58:13.419] Popup state: Executing
[2025-11-18 09:58:13.561] handle_popup_input: key=KeyEvent { code: Down, modifiers: KeyModifiers(0x0), kind: Press, state: KeyEventState(0x0) }
[2025-11-18 09:58:13.561] Popup state: Executing
[2025-11-18 09:58:13.694] handle_popup_input: key=KeyEvent { code: Down, modifiers: KeyModifiers(0x0), kind: Press, state: KeyEventState(0x0) }
[2025-11-18 09:58:13.694] Popup state: Executing
[2025-11-18 09:58:14.115] handle_popup_input: key=KeyEvent { code: Down, modifiers: KeyModifiers(0x0), kind: Press, state: KeyEventState(0x0) }
[2025-11-18 09:58:14.115] Popup state: Executing
[2025-11-18 09:58:14.318] handle_popup_input: key=KeyEvent { code: Down, modifiers: KeyModifiers(0x0), kind: Press, state: KeyEventState(0x0) }
[2025-11-18 09:58:14.318] Popup state: Executing
[2025-11-18 09:58:14.560] handle_popup_input: key=KeyEvent { code: Up, modifiers: KeyModifiers(0x0), kind: Press, state: KeyEventState(0x0) }
[2025-11-18 09:58:14.561] Popup state: Executing
[2025-11-18 09:58:14.772] handle_popup_input: key=KeyEvent { code: Down, modifiers: KeyModifiers(0x0), kind: Press, state: KeyEventState(0x0) }
[2025-11-18 09:58:14.772] Popup state: Executing
[2025-11-18 09:58:15.082] handle_popup_input: key=KeyEvent { code: Up, modifiers: KeyModifiers(0x0), kind: Press, state: KeyEventState(0x0) }
[2025-11-18 09:58:15.082] Popup state: Executing
[2025-11-18 09:58:17.391] handle_popup_input: key=KeyEvent { code: Up, modifiers: KeyModifiers(0x0), kind: Press, state: KeyEventState(0x0) }
[2025-11-18 09:58:17.391] Popup state: Executing
[2025-11-18 09:58:18.407] handle_popup_input: key=KeyEvent { code: Down, modifiers: KeyModifiers(0x0), kind: Press, state: KeyEventState(0x0) }
[2025-11-18 09:58:18.407] Popup state: Executing
[2025-11-18 09:58:18.598] handle_popup_input: key=KeyEvent { code: Down, modifiers: KeyModifiers(0x0), kind: Press, state: KeyEventState(0x0) }
[2025-11-18 09:58:18.599] Popup state: Executing
[2025-11-18 09:58:18.759] handle_popup_input: key=KeyEvent { code: Down, modifiers: KeyModifiers(0x0), kind: Press, state: KeyEventState(0x0) }
[2025-11-18 09:58:18.759] Popup state: Executing
[2025-11-18 09:58:18.918] handle_popup_input: key=KeyEvent { code: Down, modifiers: KeyModifiers(0x0), kind: Press, state: KeyEventState(0x0) }
[2025-11-18 09:58:18.918] Popup state: Executing
[2025-11-18 09:58:40.259] handle_popup_input: key=KeyEvent { code: Down, modifiers: KeyModifiers(0x0), kind: Press, state: KeyEventState(0x0) }
[2025-11-18 09:58:40.260] Popup state: Executing
[2025-11-18 09:58:40.864] handle_popup_input: key=KeyEvent { code: Up, modifiers: KeyModifiers(0x0), kind: Press, state: KeyEventState(0x0) }
[2025-11-18 09:58:40.864] Popup state: Executing
[2025-11-18 09:58:41.382] handle_popup_input: key=KeyEvent { code: Down, modifiers: KeyModifiers(0x0), kind: Press, state: KeyEventState(0x0) }
[2025-11-18 09:58:41.382] Popup state: Executing
[2025-11-18 09:58:41.700] handle_popup_input: key=KeyEvent { code: Down, modifiers: KeyModifiers(0x0), kind: Press, state: KeyEventState(0x0) }
[2025-11-18 09:58:41.700] Popup state: Executing
[2025-11-18 09:58:42.260] handle_popup_input: key=KeyEvent { code: Up, modifiers: KeyModifiers(0x0), kind: Press, state: KeyEventState(0x0) }
[2025-11-18 09:58:42.260] Popup state: Executing
[2025-11-18 09:58:42.454] handle_popup_input: key=KeyEvent { code: Up, modifiers: KeyModifiers(0x0), kind: Press, state: KeyEventState(0x0) }
[2025-11-18 09:58:42.454] Popup state: Executing
[2025-11-18 09:58:42.605] handle_popup_input: key=KeyEvent { code: Up, modifiers: KeyModifiers(0x0), kind: Press, state: KeyEventState(0x0) }
[2025-11-18 09:58:42.606] Popup state: Executing
[2025-11-18 09:58:42.753] handle_popup_input: key=KeyEvent { code: Up, modifiers: KeyModifiers(0x0), kind: Press, state: KeyEventState(0x0) }
[2025-11-18 09:58:42.753] Popup state: Executing
[2025-11-18 09:58:42.896] handle_popup_input: key=KeyEvent { code: Up, modifiers: KeyModifiers(0x0), kind: Press, state: KeyEventState(0x0) }
[2025-11-18 09:58:42.896] Popup state: Executing
[2025-11-18 09:58:43.027] handle_popup_input: key=KeyEvent { code: Up, modifiers: KeyModifiers(0x0), kind: Press, state: KeyEventState(0x0) }
[2025-11-18 09:58:43.027] Popup state: Executing
[2025-11-18 09:58:43.160] handle_popup_input: key=KeyEvent { code: Up, modifiers: KeyModifiers(0x0), kind: Press, state: KeyEventState(0x0) }
[2025-11-18 09:58:43.160] Popup state: Executing
[2025-11-18 09:58:43.290] handle_popup_input: key=KeyEvent { code: Up, modifiers: KeyModifiers(0x0), kind: Press, state: KeyEventState(0x0) }
[2025-11-18 09:58:43.290] Popup state: Executing
[2025-11-18 09:58:43.420] handle_popup_input: key=KeyEvent { code: Up, modifiers: KeyModifiers(0x0), kind: Press, state: KeyEventState(0x0) }
[2025-11-18 09:58:43.420] Popup state: Executing
[2025-11-18 09:58:43.681] handle_popup_input: key=KeyEvent { code: Down, modifiers: KeyModifiers(0x0), kind: Press, state: KeyEventState(0x0) }
[2025-11-18 09:58:43.681] Popup state: Executing
[2025-11-18 09:58:44.185] handle_popup_input: key=KeyEvent { code: Down, modifiers: KeyModifiers(0x0), kind: Press, state: KeyEventState(0x0) }
[2025-11-18 09:58:44.185] Popup state: Executing
[2025-11-18 09:58:44.266] handle_popup_input: key=KeyEvent { code: Down, modifiers: KeyModifiers(0x0), kind: Press, state: KeyEventState(0x0) }
[2025-11-18 09:58:44.266] Popup state: Executing
[2025-11-18 09:58:44.352] handle_popup_input: key=KeyEvent { code: Down, modifiers: KeyModifiers(0x0), kind: Press, state: KeyEventState(0x0) }
[2025-11-18 09:58:44.352] Popup state: Executing
[2025-11-18 09:58:44.434] handle_popup_input: key=KeyEvent { code: Down, modifiers: KeyModifiers(0x0), kind: Press, state: KeyEventState(0x0) }
[2025-11-18 09:58:44.434] Popup state: Executing
[2025-11-18 09:58:44.518] handle_popup_input: key=KeyEvent { code: Down, modifiers: KeyModifiers(0x0), kind: Press, state: KeyEventState(0x0) }
[2025-11-18 09:58:44.518] Popup state: Executing
[2025-11-18 09:58:44.599] handle_popup_input: key=KeyEvent { code: Down, modifiers: KeyModifiers(0x0), kind: Press, state: KeyEventState(0x0) }
[2025-11-18 09:58:44.599] Popup state: Executing
[2025-11-18 09:58:44.683] handle_popup_input: key=KeyEvent { code: Down, modifiers: KeyModifiers(0x0), kind: Press, state: KeyEventState(0x0) }
[2025-11-18 09:58:44.683] Popup state: Executing
[2025-11-18 09:58:44.766] handle_popup_input: key=KeyEvent { code: Down, modifiers: KeyModifiers(0x0), kind: Press, state: KeyEventState(0x0) }
[2025-11-18 09:58:44.766] Popup state: Executing
[2025-11-18 09:58:44.850] handle_popup_input: key=KeyEvent { code: Down, modifiers: KeyModifiers(0x0), kind: Press, state: KeyEventState(0x0) }
[2025-11-18 09:58:44.850] Popup state: Executing
[2025-11-18 09:58:44.934] handle_popup_input: key=KeyEvent { code: Down, modifiers: KeyModifiers(0x0), kind: Press, state: KeyEventState(0x0) }
[2025-11-18 09:58:44.934] Popup state: Executing
[2025-11-18 09:58:45.018] handle_popup_input: key=KeyEvent { code: Down, modifiers: KeyModifiers(0x0), kind: Press, state: KeyEventState(0x0) }
[2025-11-18 09:58:45.018] Popup state: Executing
[2025-11-18 09:58:45.102] handle_popup_input: key=KeyEvent { code: Down, modifiers: KeyModifiers(0x0), kind: Press, state: KeyEventState(0x0) }
[2025-11-18 09:58:45.102] Popup state: Executing
[2025-11-18 09:58:45.184] handle_popup_input: key=KeyEvent { code: Down, modifiers: KeyModifiers(0x0), kind: Press, state: KeyEventState(0x0) }
[2025-11-18 09:58:45.185] Popup state: Executing
[2025-11-18 09:58:45.269] handle_popup_input: key=KeyEvent { code: Down, modifiers: KeyModifiers(0x0), kind: Press, state: KeyEventState(0x0) }
[2025-11-18 09:58:45.269] Popup state: Executing
[2025-11-18 09:58:45.356] handle_popup_input: key=KeyEvent { code: Down, modifiers: KeyModifiers(0x0), kind: Press, state: KeyEventState(0x0) }
[2025-11-18 09:58:45.356] Popup state: Executing
[2025-11-18 09:58:45.436] handle_popup_input: key=KeyEvent { code: Down, modifiers: KeyModifiers(0x0), kind: Press, state: KeyEventState(0x0) }
[2025-11-18 09:58:45.436] Popup state: Executing
[2025-11-18 09:58:45.518] handle_popup_input: key=KeyEvent { code: Down, modifiers: KeyModifiers(0x0), kind: Press, state: KeyEventState(0x0) }
[2025-11-18 09:58:45.518] Popup state: Executing
[2025-11-18 09:58:45.603] handle_popup_input: key=KeyEvent { code: Down, modifiers: KeyModifiers(0x0), kind: Press, state: KeyEventState(0x0) }
[2025-11-18 09:58:45.603] Popup state: Executing
[2025-11-18 09:58:45.686] handle_popup_input: key=KeyEvent { code: Down, modifiers: KeyModifiers(0x0), kind: Press, state: KeyEventState(0x0) }
[2025-11-18 09:58:45.686] Popup state: Executing
[2025-11-18 09:58:45.769] handle_popup_input: key=KeyEvent { code: Down, modifiers: KeyModifiers(0x0), kind: Press, state: KeyEventState(0x0) }
[2025-11-18 09:58:45.770] Popup state: Executing
[2025-11-18 09:58:45.853] handle_popup_input: key=KeyEvent { code: Down, modifiers: KeyModifiers(0x0), kind: Press, state: KeyEventState(0x0) }
[2025-11-18 09:58:45.853] Popup state: Executing
[2025-11-18 09:58:45.936] handle_popup_input: key=KeyEvent { code: Down, modifiers: KeyModifiers(0x0), kind: Press, state: KeyEventState(0x0) }
[2025-11-18 09:58:45.936] Popup state: Executing
[2025-11-18 09:58:46.402] handle_popup_input: key=KeyEvent { code: End, modifiers: KeyModifiers(0x0), kind: Press, state: KeyEventState(0x0) }
[2025-11-18 09:58:46.402] Popup state: Executing
[2025-11-18 09:58:46.791] handle_popup_input: key=KeyEvent { code: End, modifiers: KeyModifiers(0x0), kind: Press, state: KeyEventState(0x0) }
[2025-11-18 09:58:46.791] Popup state: Executing
[2025-11-18 09:58:46.998] handle_popup_input: key=KeyEvent { code: End, modifiers: KeyModifiers(0x0), kind: Press, state: KeyEventState(0x0) }
[2025-11-18 09:58:46.998] Popup state: Executing
[2025-11-18 09:58:47.154] handle_popup_input: key=KeyEvent { code: End, modifiers: KeyModifiers(0x0), kind: Press, state: KeyEventState(0x0) }
[2025-11-18 09:58:47.154] Popup state: Executing
[2025-11-18 10:11:15.013] === TUI Debug Log Started ===
[2025-11-18 10:11:15.014] TuiApp::new() called
[2025-11-18 10:11:15.026] TuiApp::run() starting
[2025-11-18 11:03:38.428] === TUI Debug Log Started ===
[2025-11-18 11:03:38.428] TuiApp::new() called
[2025-11-18 11:03:38.437] TuiApp::run() starting
[2025-11-18 11:03:46.085] execute_command_async: Starting command
[2025-11-18 11:03:46.611] execute_command_async: Stop command finished
[2025-11-18 11:03:46.702] Received Success
[2025-11-18 11:30:57.416] === TUI Debug Log Started ===
[2025-11-18 11:30:57.418] TuiApp::new() called
[2025-11-18 11:30:57.424] TuiApp::run() starting
[2025-11-18 11:31:05.548] handle_popup_input: key=KeyEvent { code: Enter, modifiers: KeyModifiers(0x0), kind: Press, state: KeyEventState(0x0) }
[2025-11-18 11:31:05.548] Popup state: Confirm
[2025-11-18 11:31:05.548] Enter pressed - executing command
[2025-11-18 11:31:05.548] execute_command_from_popup called
[2025-11-18 11:31:05.548] Sending command request: CommandRequest { app_name: "luce-api", project: "luce", environment: "local", command_type: Start }
[2025-11-18 11:31:05.548] Popup set to executing state
[2025-11-18 11:31:05.549] Command sent to background task
[2025-11-18 11:31:05.549] execute_command_async: Starting command
[2025-11-18 11:31:07.559] execute_command_async: Start command finished
[2025-11-18 11:31:07.607] Received Success
[2025-11-18 11:31:46.052] handle_popup_input: key=KeyEvent { code: Up, modifiers: KeyModifiers(0x0), kind: Press, state: KeyEventState(0x0) }
[2025-11-18 11:31:46.053] Popup state: Executing
[2025-11-18 11:31:46.500] handle_popup_input: key=KeyEvent { code: Up, modifiers: KeyModifiers(0x0), kind: Press, state: KeyEventState(0x0) }
[2025-11-18 11:31:46.500] Popup state: Executing
[2025-11-18 11:31:46.718] handle_popup_input: key=KeyEvent { code: Up, modifiers: KeyModifiers(0x0), kind: Press, state: KeyEventState(0x0) }
[2025-11-18 11:31:46.718] Popup state: Executing
[2025-11-18 11:31:48.204] handle_popup_input: key=KeyEvent { code: Up, modifiers: KeyModifiers(0x0), kind: Press, state: KeyEventState(0x0) }
[2025-11-18 11:31:48.204] Popup state: Executing
[2025-11-18 11:31:48.393] handle_popup_input: key=KeyEvent { code: Up, modifiers: KeyModifiers(0x0), kind: Press, state: KeyEventState(0x0) }
[2025-11-18 11:31:48.393] Popup state: Executing
[2025-11-18 11:31:48.547] handle_popup_input: key=KeyEvent { code: Up, modifiers: KeyModifiers(0x0), kind: Press, state: KeyEventState(0x0) }
[2025-11-18 11:31:48.547] Popup state: Executing
[2025-11-18 11:31:48.730] handle_popup_input: key=KeyEvent { code: Down, modifiers: KeyModifiers(0x0), kind: Press, state: KeyEventState(0x0) }
[2025-11-18 11:31:48.730] Popup state: Executing
[2025-11-18 11:31:48.888] handle_popup_input: key=KeyEvent { code: Down, modifiers: KeyModifiers(0x0), kind: Press, state: KeyEventState(0x0) }
[2025-11-18 11:31:48.888] Popup state: Executing
[2025-11-18 11:31:49.027] handle_popup_input: key=KeyEvent { code: Down, modifiers: KeyModifiers(0x0), kind: Press, state: KeyEventState(0x0) }
[2025-11-18 11:31:49.027] Popup state: Executing
[2025-11-18 11:31:49.237] handle_popup_input: key=KeyEvent { code: Up, modifiers: KeyModifiers(0x0), kind: Press, state: KeyEventState(0x0) }
[2025-11-18 11:31:49.237] Popup state: Executing
[2025-11-18 11:31:49.389] handle_popup_input: key=KeyEvent { code: Up, modifiers: KeyModifiers(0x0), kind: Press, state: KeyEventState(0x0) }
[2025-11-18 11:31:49.390] Popup state: Executing
[2025-11-18 11:31:49.529] handle_popup_input: key=KeyEvent { code: Up, modifiers: KeyModifiers(0x0), kind: Press, state: KeyEventState(0x0) }
[2025-11-18 11:31:49.530] Popup state: Executing
[2025-11-18 11:31:49.680] handle_popup_input: key=KeyEvent { code: Up, modifiers: KeyModifiers(0x0), kind: Press, state: KeyEventState(0x0) }
[2025-11-18 11:31:49.680] Popup state: Executing
[2025-11-18 11:31:50.781] handle_popup_input: key=KeyEvent { code: Home, modifiers: KeyModifiers(0x0), kind: Press, state: KeyEventState(0x0) }
[2025-11-18 11:31:50.781] Popup state: Executing
[2025-11-18 11:31:51.462] handle_popup_input: key=KeyEvent { code: End, modifiers: KeyModifiers(0x0), kind: Press, state: KeyEventState(0x0) }
[2025-11-18 11:31:51.462] Popup state: Executing
[2025-11-18 11:31:51.808] handle_popup_input: key=KeyEvent { code: Home, modifiers: KeyModifiers(0x0), kind: Press, state: KeyEventState(0x0) }
[2025-11-18 11:31:51.809] Popup state: Executing
[2025-11-18 11:31:52.253] handle_popup_input: key=KeyEvent { code: End, modifiers: KeyModifiers(0x0), kind: Press, state: KeyEventState(0x0) }
[2025-11-18 11:31:52.253] Popup state: Executing
[2025-11-18 11:31:52.693] handle_popup_input: key=KeyEvent { code: End, modifiers: KeyModifiers(0x0), kind: Press, state: KeyEventState(0x0) }
[2025-11-18 11:31:52.693] Popup state: Executing
[2025-11-18 11:31:53.073] handle_popup_input: key=KeyEvent { code: PageUp, modifiers: KeyModifiers(0x0), kind: Press, state: KeyEventState(0x0) }
[2025-11-18 11:31:53.073] Popup state: Executing
[2025-11-18 11:31:53.456] handle_popup_input: key=KeyEvent { code: PageUp, modifiers: KeyModifiers(0x0), kind: Press, state: KeyEventState(0x0) }
[2025-11-18 11:31:53.457] Popup state: Executing
[2025-11-18 11:31:53.657] handle_popup_input: key=KeyEvent { code: PageUp, modifiers: KeyModifiers(0x0), kind: Press, state: KeyEventState(0x0) }
[2025-11-18 11:31:53.658] Popup state: Executing
[2025-11-18 11:31:54.077] handle_popup_input: key=KeyEvent { code: PageUp, modifiers: KeyModifiers(0x0), kind: Press, state: KeyEventState(0x0) }
[2025-11-18 11:31:54.077] Popup state: Executing
[2025-11-18 11:31:54.491] handle_popup_input: key=KeyEvent { code: PageDown, modifiers: KeyModifiers(0x0), kind: Press, state: KeyEventState(0x0) }
[2025-11-18 11:31:54.491] Popup state: Executing
[2025-11-18 11:31:54.684] handle_popup_input: key=KeyEvent { code: PageDown, modifiers: KeyModifiers(0x0), kind: Press, state: KeyEventState(0x0) }
[2025-11-18 11:31:54.684] Popup state: Executing
[2025-11-18 11:31:54.835] handle_popup_input: key=KeyEvent { code: PageDown, modifiers: KeyModifiers(0x0), kind: Press, state: KeyEventState(0x0) }
[2025-11-18 11:31:54.835] Popup state: Executing
[2025-11-18 11:31:54.987] handle_popup_input: key=KeyEvent { code: PageDown, modifiers: KeyModifiers(0x0), kind: Press, state: KeyEventState(0x0) }
[2025-11-18 11:31:54.987] Popup state: Executing
[2025-11-18 11:31:55.137] handle_popup_input: key=KeyEvent { code: PageDown, modifiers: KeyModifiers(0x0), kind: Press, state: KeyEventState(0x0) }
[2025-11-18 11:31:55.137] Popup state: Executing
[2025-11-18 11:31:55.386] handle_popup_input: key=KeyEvent { code: End, modifiers: KeyModifiers(0x0), kind: Press, state: KeyEventState(0x0) }
[2025-11-18 11:31:55.386] Popup state: Executing
[2025-11-18 11:31:55.652] handle_popup_input: key=KeyEvent { code: PageUp, modifiers: KeyModifiers(0x0), kind: Press, state: KeyEventState(0x0) }
[2025-11-18 11:31:55.652] Popup state: Executing
[2025-11-18 11:31:56.271] handle_popup_input: key=KeyEvent { code: PageUp, modifiers: KeyModifiers(0x0), kind: Press, state: KeyEventState(0x0) }
[2025-11-18 11:31:56.271] Popup state: Executing
[2025-11-18 11:31:56.681] handle_popup_input: key=KeyEvent { code: PageDown, modifiers: KeyModifiers(0x0), kind: Press, state: KeyEventState(0x0) }
[2025-11-18 11:31:56.681] Popup state: Executing
[2025-11-18 11:31:56.893] handle_popup_input: key=KeyEvent { code: PageDown, modifiers: KeyModifiers(0x0), kind: Press, state: KeyEventState(0x0) }
[2025-11-18 11:31:56.893] Popup state: Executing
[2025-11-18 11:31:57.258] handle_popup_input: key=KeyEvent { code: PageUp, modifiers: KeyModifiers(0x0), kind: Press, state: KeyEventState(0x0) }
[2025-11-18 11:31:57.258] Popup state: Executing
[2025-11-18 11:31:57.622] handle_popup_input: key=KeyEvent { code: PageUp, modifiers: KeyModifiers(0x0), kind: Press, state: KeyEventState(0x0) }
[2025-11-18 11:31:57.622] Popup state: Executing
[2025-11-18 11:31:58.008] handle_popup_input: key=KeyEvent { code: PageDown, modifiers: KeyModifiers(0x0), kind: Press, state: KeyEventState(0x0) }
[2025-11-18 11:31:58.008] Popup state: Executing
[2025-11-18 11:31:58.174] handle_popup_input: key=KeyEvent { code: PageDown, modifiers: KeyModifiers(0x0), kind: Press, state: KeyEventState(0x0) }
[2025-11-18 11:31:58.174] Popup state: Executing
[2025-11-18 11:31:58.453] handle_popup_input: key=KeyEvent { code: Up, modifiers: KeyModifiers(0x0), kind: Press, state: KeyEventState(0x0) }
[2025-11-18 11:31:58.453] Popup state: Executing
[2025-11-18 11:31:58.655] handle_popup_input: key=KeyEvent { code: Up, modifiers: KeyModifiers(0x0), kind: Press, state: KeyEventState(0x0) }
[2025-11-18 11:31:58.655] Popup state: Executing
[2025-11-18 11:31:58.835] handle_popup_input: key=KeyEvent { code: Up, modifiers: KeyModifiers(0x0), kind: Press, state: KeyEventState(0x0) }
[2025-11-18 11:31:58.835] Popup state: Executing
[2025-11-18 11:31:58.998] handle_popup_input: key=KeyEvent { code: Up, modifiers: KeyModifiers(0x0), kind: Press, state: KeyEventState(0x0) }
[2025-11-18 11:31:58.998] Popup state: Executing
[2025-11-18 11:31:59.146] handle_popup_input: key=KeyEvent { code: Up, modifiers: KeyModifiers(0x0), kind: Press, state: KeyEventState(0x0) }
[2025-11-18 11:31:59.146] Popup state: Executing
[2025-11-18 11:31:59.281] handle_popup_input: key=KeyEvent { code: Up, modifiers: KeyModifiers(0x0), kind: Press, state: KeyEventState(0x0) }
[2025-11-18 11:31:59.281] Popup state: Executing
[2025-11-18 11:31:59.794] handle_popup_input: key=KeyEvent { code: PageDown, modifiers: KeyModifiers(0x0), kind: Press, state: KeyEventState(0x0) }
[2025-11-18 11:31:59.794] Popup state: Executing
[2025-11-18 11:31:59.987] handle_popup_input: key=KeyEvent { code: PageDown, modifiers: KeyModifiers(0x0), kind: Press, state: KeyEventState(0x0) }
[2025-11-18 11:31:59.987] Popup state: Executing
[2025-11-18 11:32:00.298] handle_popup_input: key=KeyEvent { code: PageUp, modifiers: KeyModifiers(0x0), kind: Press, state: KeyEventState(0x0) }
[2025-11-18 11:32:00.298] Popup state: Executing
[2025-11-18 11:32:00.700] handle_popup_input: key=KeyEvent { code: PageUp, modifiers: KeyModifiers(0x0), kind: Press, state: KeyEventState(0x0) }
[2025-11-18 11:32:00.700] Popup state: Executing
[2025-11-18 11:32:01.128] handle_popup_input: key=KeyEvent { code: PageUp, modifiers: KeyModifiers(0x0), kind: Press, state: KeyEventState(0x0) }
[2025-11-18 11:32:01.128] Popup state: Executing
[2025-11-18 11:32:01.375] handle_popup_input: key=KeyEvent { code: PageUp, modifiers: KeyModifiers(0x0), kind: Press, state: KeyEventState(0x0) }
[2025-11-18 11:32:01.375] Popup state: Executing
[2025-11-18 11:32:01.564] handle_popup_input: key=KeyEvent { code: PageUp, modifiers: KeyModifiers(0x0), kind: Press, state: KeyEventState(0x0) }
[2025-11-18 11:32:01.564] Popup state: Executing
[2025-11-18 11:32:01.738] handle_popup_input: key=KeyEvent { code: PageUp, modifiers: KeyModifiers(0x0), kind: Press, state: KeyEventState(0x0) }
[2025-11-18 11:32:01.738] Popup state: Executing
[2025-11-18 11:32:01.894] handle_popup_input: key=KeyEvent { code: PageUp, modifiers: KeyModifiers(0x0), kind: Press, state: KeyEventState(0x0) }
[2025-11-18 11:32:01.894] Popup state: Executing
[2025-11-18 11:32:02.045] handle_popup_input: key=KeyEvent { code: PageUp, modifiers: KeyModifiers(0x0), kind: Press, state: KeyEventState(0x0) }
[2025-11-18 11:32:02.045] Popup state: Executing
[2025-11-18 11:32:02.193] handle_popup_input: key=KeyEvent { code: PageUp, modifiers: KeyModifiers(0x0), kind: Press, state: KeyEventState(0x0) }
[2025-11-18 11:32:02.193] Popup state: Executing
[2025-11-18 11:32:02.339] handle_popup_input: key=KeyEvent { code: PageUp, modifiers: KeyModifiers(0x0), kind: Press, state: KeyEventState(0x0) }
[2025-11-18 11:32:02.339] Popup state: Executing
[2025-11-18 11:32:02.480] handle_popup_input: key=KeyEvent { code: PageUp, modifiers: KeyModifiers(0x0), kind: Press, state: KeyEventState(0x0) }
[2025-11-18 11:32:02.480] Popup state: Executing
[2025-11-18 11:32:02.622] handle_popup_input: key=KeyEvent { code: PageUp, modifiers: KeyModifiers(0x0), kind: Press, state: KeyEventState(0x0) }
[2025-11-18 11:32:02.623] Popup state: Executing
[2025-11-18 11:32:02.782] handle_popup_input: key=KeyEvent { code: PageUp, modifiers: KeyModifiers(0x0), kind: Press, state: KeyEventState(0x0) }
[2025-11-18 11:32:02.782] Popup state: Executing
[2025-11-18 11:32:02.926] handle_popup_input: key=KeyEvent { code: PageUp, modifiers: KeyModifiers(0x0), kind: Press, state: KeyEventState(0x0) }
[2025-11-18 11:32:02.926] Popup state: Executing
[2025-11-18 11:32:03.157] handle_popup_input: key=KeyEvent { code: PageDown, modifiers: KeyModifiers(0x0), kind: Press, state: KeyEventState(0x0) }
[2025-11-18 11:32:03.157] Popup state: Executing
[2025-11-18 11:32:03.302] handle_popup_input: key=KeyEvent { code: PageDown, modifiers: KeyModifiers(0x0), kind: Press, state: KeyEventState(0x0) }
[2025-11-18 11:32:03.302] Popup state: Executing
[2025-11-18 11:32:03.446] handle_popup_input: key=KeyEvent { code: PageDown, modifiers: KeyModifiers(0x0), kind: Press, state: KeyEventState(0x0) }
[2025-11-18 11:32:03.446] Popup state: Executing
[2025-11-18 11:32:03.572] handle_popup_input: key=KeyEvent { code: PageDown, modifiers: KeyModifiers(0x0), kind: Press, state: KeyEventState(0x0) }
[2025-11-18 11:32:03.572] Popup state: Executing
[2025-11-18 11:32:03.716] handle_popup_input: key=KeyEvent { code: PageDown, modifiers: KeyModifiers(0x0), kind: Press, state: KeyEventState(0x0) }
[2025-11-18 11:32:03.716] Popup state: Executing
[2025-11-18 11:32:03.867] handle_popup_input: key=KeyEvent { code: PageDown, modifiers: KeyModifiers(0x0), kind: Press, state: KeyEventState(0x0) }
[2025-11-18 11:32:03.867] Popup state: Executing
[2025-11-18 11:32:04.003] handle_popup_input: key=KeyEvent { code: PageDown, modifiers: KeyModifiers(0x0), kind: Press, state: KeyEventState(0x0) }
[2025-11-18 11:32:04.003] Popup state: Executing
[2025-11-18 11:32:04.145] handle_popup_input: key=KeyEvent { code: PageDown, modifiers: KeyModifiers(0x0), kind: Press, state: KeyEventState(0x0) }
[2025-11-18 11:32:04.145] Popup state: Executing
[2025-11-18 11:32:04.280] handle_popup_input: key=KeyEvent { code: PageDown, modifiers: KeyModifiers(0x0), kind: Press, state: KeyEventState(0x0) }
[2025-11-18 11:32:04.280] Popup state: Executing
[2025-11-18 11:32:04.412] handle_popup_input: key=KeyEvent { code: PageDown, modifiers: KeyModifiers(0x0), kind: Press, state: KeyEventState(0x0) }
[2025-11-18 11:32:04.413] Popup state: Executing
[2025-11-18 11:32:04.550] handle_popup_input: key=KeyEvent { code: PageDown, modifiers: KeyModifiers(0x0), kind: Press, state: KeyEventState(0x0) }
[2025-11-18 11:32:04.550] Popup state: Executing
[2025-11-18 11:32:04.690] handle_popup_input: key=KeyEvent { code: PageDown, modifiers: KeyModifiers(0x0), kind: Press, state: KeyEventState(0x0) }
[2025-11-18 11:32:04.690] Popup state: Executing
[2025-11-18 11:32:04.830] handle_popup_input: key=KeyEvent { code: PageDown, modifiers: KeyModifiers(0x0), kind: Press, state: KeyEventState(0x0) }
[2025-11-18 11:32:04.830] Popup state: Executing
[2025-11-18 11:32:04.970] handle_popup_input: key=KeyEvent { code: PageDown, modifiers: KeyModifiers(0x0), kind: Press, state: KeyEventState(0x0) }
[2025-11-18 11:32:04.970] Popup state: Executing
[2025-11-18 11:32:05.110] handle_popup_input: key=KeyEvent { code: PageDown, modifiers: KeyModifiers(0x0), kind: Press, state: KeyEventState(0x0) }
[2025-11-18 11:32:05.110] Popup state: Executing
[2025-11-18 11:32:05.403] handle_popup_input: key=KeyEvent { code: Up, modifiers: KeyModifiers(0x0), kind: Press, state: KeyEventState(0x0) }
[2025-11-18 11:32:05.403] Popup state: Executing
[2025-11-18 11:32:05.539] handle_popup_input: key=KeyEvent { code: Up, modifiers: KeyModifiers(0x0), kind: Press, state: KeyEventState(0x0) }
[2025-11-18 11:32:05.539] Popup state: Executing
[2025-11-18 11:32:05.664] handle_popup_input: key=KeyEvent { code: Up, modifiers: KeyModifiers(0x0), kind: Press, state: KeyEventState(0x0) }
[2025-11-18 11:32:05.664] Popup state: Executing
[2025-11-18 11:32:05.791] handle_popup_input: key=KeyEvent { code: Up, modifiers: KeyModifiers(0x0), kind: Press, state: KeyEventState(0x0) }
[2025-11-18 11:32:05.791] Popup state: Executing
[2025-11-18 11:32:06.051] handle_popup_input: key=KeyEvent { code: Down, modifiers: KeyModifiers(0x0), kind: Press, state: KeyEventState(0x0) }
[2025-11-18 11:32:06.051] Popup state: Executing
[2025-11-18 11:32:06.171] handle_popup_input: key=KeyEvent { code: Down, modifiers: KeyModifiers(0x0), kind: Press, state: KeyEventState(0x0) }
[2025-11-18 11:32:06.171] Popup state: Executing
[2025-11-18 11:32:06.297] handle_popup_input: key=KeyEvent { code: Down, modifiers: KeyModifiers(0x0), kind: Press, state: KeyEventState(0x0) }
[2025-11-18 11:32:06.297] Popup state: Executing
[2025-11-18 11:32:06.451] handle_popup_input: key=KeyEvent { code: Up, modifiers: KeyModifiers(0x0), kind: Press, state: KeyEventState(0x0) }
[2025-11-18 11:32:06.451] Popup state: Executing
[2025-11-18 11:32:06.594] handle_popup_input: key=KeyEvent { code: Up, modifiers: KeyModifiers(0x0), kind: Press, state: KeyEventState(0x0) }
[2025-11-18 11:32:06.594] Popup state: Executing
[2025-11-18 11:32:06.732] handle_popup_input: key=KeyEvent { code: Down, modifiers: KeyModifiers(0x0), kind: Press, state: KeyEventState(0x0) }
[2025-11-18 11:32:06.732] Popup state: Executing
[2025-11-18 11:32:06.861] handle_popup_input: key=KeyEvent { code: Up, modifiers: KeyModifiers(0x0), kind: Press, state: KeyEventState(0x0) }
[2025-11-18 11:32:06.861] Popup state: Executing
[2025-11-18 11:32:21.821] handle_popup_input: key=KeyEvent { code: Esc, modifiers: KeyModifiers(0x0), kind: Press, state: KeyEventState(0x0) }
[2025-11-18 11:32:21.822] Popup state: Executing
[2025-11-18 11:32:21.822] Esc pressed - closing executing popup
[2025-11-18 11:32:31.099] execute_command_async: Starting command
[2025-11-18 11:32:32.142] execute_command_async: Stop command finished
[2025-11-18 11:32:32.241] Received Success
[2025-11-18 11:32:37.581] handle_popup_input: key=KeyEvent { code: Esc, modifiers: KeyModifiers(0x0), kind: Press, state: KeyEventState(0x0) }
[2025-11-18 11:32:37.581] Popup state: Executing
[2025-11-18 11:32:37.581] Esc pressed - closing executing popup
[2025-11-18 11:35:54.288] === TUI Debug Log Started ===
[2025-11-18 11:35:54.288] TuiApp::new() called
[2025-11-18 11:35:54.295] TuiApp::run() starting
[2025-11-18 11:36:50.545] handle_popup_input: key=KeyEvent { code: Enter, modifiers: KeyModifiers(0x0), kind: Press, state: KeyEventState(0x0) }
[2025-11-18 11:36:50.545] Popup state: Confirm
[2025-11-18 11:36:50.545] Enter pressed - executing command
[2025-11-18 11:36:50.545] execute_command_from_popup called
[2025-11-18 11:36:50.545] Sending command request: CommandRequest { app_name: "luce-api", project: "luce", environment: "local", command_type: Start }
[2025-11-18 11:36:50.545] Popup set to executing state
[2025-11-18 11:36:50.546] Command sent to background task
[2025-11-18 11:36:50.546] execute_command_async: Starting command
[2025-11-18 11:36:52.555] execute_command_async: Start command finished
[2025-11-18 11:36:52.605] Received Success
[2025-11-18 11:37:44.372] handle_popup_input: key=KeyEvent { code: Up, modifiers: KeyModifiers(0x0), kind: Press, state: KeyEventState(0x0) }
[2025-11-18 11:37:44.373] Popup state: Executing
[2025-11-18 11:37:44.784] handle_popup_input: key=KeyEvent { code: Up, modifiers: KeyModifiers(0x0), kind: Press, state: KeyEventState(0x0) }
[2025-11-18 11:37:44.784] Popup state: Executing
[2025-11-18 11:37:45.041] handle_popup_input: key=KeyEvent { code: Up, modifiers: KeyModifiers(0x0), kind: Press, state: KeyEventState(0x0) }
[2025-11-18 11:37:45.042] Popup state: Executing
[2025-11-18 11:37:45.203] handle_popup_input: key=KeyEvent { code: Up, modifiers: KeyModifiers(0x0), kind: Press, state: KeyEventState(0x0) }
[2025-11-18 11:37:45.203] Popup state: Executing
[2025-11-18 11:37:45.342] handle_popup_input: key=KeyEvent { code: Up, modifiers: KeyModifiers(0x0), kind: Press, state: KeyEventState(0x0) }
[2025-11-18 11:37:45.342] Popup state: Executing
[2025-11-18 11:37:45.488] handle_popup_input: key=KeyEvent { code: Up, modifiers: KeyModifiers(0x0), kind: Press, state: KeyEventState(0x0) }
[2025-11-18 11:37:45.488] Popup state: Executing
[2025-11-18 11:37:45.631] handle_popup_input: key=KeyEvent { code: Up, modifiers: KeyModifiers(0x0), kind: Press, state: KeyEventState(0x0) }
[2025-11-18 11:37:45.631] Popup state: Executing
[2025-11-18 11:37:45.770] handle_popup_input: key=KeyEvent { code: Up, modifiers: KeyModifiers(0x0), kind: Press, state: KeyEventState(0x0) }
[2025-11-18 11:37:45.770] Popup state: Executing
[2025-11-18 11:37:45.894] handle_popup_input: key=KeyEvent { code: Up, modifiers: KeyModifiers(0x0), kind: Press, state: KeyEventState(0x0) }
[2025-11-18 11:37:45.894] Popup state: Executing
[2025-11-18 11:37:46.119] handle_popup_input: key=KeyEvent { code: Down, modifiers: KeyModifiers(0x0), kind: Press, state: KeyEventState(0x0) }
[2025-11-18 11:37:46.119] Popup state: Executing
[2025-11-18 11:37:46.249] handle_popup_input: key=KeyEvent { code: Down, modifiers: KeyModifiers(0x0), kind: Press, state: KeyEventState(0x0) }
[2025-11-18 11:37:46.249] Popup state: Executing
[2025-11-18 11:37:46.379] handle_popup_input: key=KeyEvent { code: Down, modifiers: KeyModifiers(0x0), kind: Press, state: KeyEventState(0x0) }
[2025-11-18 11:37:46.379] Popup state: Executing
[2025-11-18 11:37:46.517] handle_popup_input: key=KeyEvent { code: Down, modifiers: KeyModifiers(0x0), kind: Press, state: KeyEventState(0x0) }
[2025-11-18 11:37:46.517] Popup state: Executing
[2025-11-18 11:37:46.756] handle_popup_input: key=KeyEvent { code: Up, modifiers: KeyModifiers(0x0), kind: Press, state: KeyEventState(0x0) }
[2025-11-18 11:37:46.757] Popup state: Executing
[2025-11-18 11:37:46.951] handle_popup_input: key=KeyEvent { code: Left, modifiers: KeyModifiers(0x0), kind: Press, state: KeyEventState(0x0) }
[2025-11-18 11:37:46.951] Popup state: Executing
[2025-11-18 11:37:47.214] handle_popup_input: key=KeyEvent { code: Down, modifiers: KeyModifiers(0x0), kind: Press, state: KeyEventState(0x0) }
[2025-11-18 11:37:47.214] Popup state: Executing
[2025-11-18 11:37:47.414] handle_popup_input: key=KeyEvent { code: Right, modifiers: KeyModifiers(0x0), kind: Press, state: KeyEventState(0x0) }
[2025-11-18 11:37:47.414] Popup state: Executing
[2025-11-18 11:37:47.563] handle_popup_input: key=KeyEvent { code: Up, modifiers: KeyModifiers(0x0), kind: Press, state: KeyEventState(0x0) }
[2025-11-18 11:37:47.563] Popup state: Executing
[2025-11-18 11:37:48.019] handle_popup_input: key=KeyEvent { code: PageUp, modifiers: KeyModifiers(0x0), kind: Press, state: KeyEventState(0x0) }
[2025-11-18 11:37:48.022] Popup state: Executing
[2025-11-18 11:37:48.681] handle_popup_input: key=KeyEvent { code: PageDown, modifiers: KeyModifiers(0x0), kind: Press, state: KeyEventState(0x0) }
[2025-11-18 11:37:48.682] Popup state: Executing
[2025-11-18 11:37:48.871] handle_popup_input: key=KeyEvent { code: PageDown, modifiers: KeyModifiers(0x0), kind: Press, state: KeyEventState(0x0) }
[2025-11-18 11:37:48.872] Popup state: Executing
[2025-11-18 11:37:49.248] handle_popup_input: key=KeyEvent { code: PageUp, modifiers: KeyModifiers(0x0), kind: Press, state: KeyEventState(0x0) }
[2025-11-18 11:37:49.249] Popup state: Executing
[2025-11-18 11:37:49.725] handle_popup_input: key=KeyEvent { code: PageUp, modifiers: KeyModifiers(0x0), kind: Press, state: KeyEventState(0x0) }
[2025-11-18 11:37:49.725] Popup state: Executing
[2025-11-18 11:37:50.147] handle_popup_input: key=KeyEvent { code: PageDown, modifiers: KeyModifiers(0x0), kind: Press, state: KeyEventState(0x0) }
[2025-11-18 11:37:50.147] Popup state: Executing
[2025-11-18 11:37:50.324] handle_popup_input: key=KeyEvent { code: PageDown, modifiers: KeyModifiers(0x0), kind: Press, state: KeyEventState(0x0) }
[2025-11-18 11:37:50.324] Popup state: Executing
[2025-11-18 11:37:50.616] handle_popup_input: key=KeyEvent { code: PageUp, modifiers: KeyModifiers(0x0), kind: Press, state: KeyEventState(0x0) }
[2025-11-18 11:37:50.617] Popup state: Executing
[2025-11-18 11:37:50.799] handle_popup_input: key=KeyEvent { code: PageUp, modifiers: KeyModifiers(0x0), kind: Press, state: KeyEventState(0x0) }
[2025-11-18 11:37:50.800] Popup state: Executing
[2025-11-18 11:37:50.975] handle_popup_input: key=KeyEvent { code: PageUp, modifiers: KeyModifiers(0x0), kind: Press, state: KeyEventState(0x0) }
[2025-11-18 11:37:50.975] Popup state: Executing
[2025-11-18 11:37:51.135] handle_popup_input: key=KeyEvent { code: PageUp, modifiers: KeyModifiers(0x0), kind: Press, state: KeyEventState(0x0) }
[2025-11-18 11:37:51.135] Popup state: Executing
[2025-11-18 11:37:51.297] handle_popup_input: key=KeyEvent { code: PageUp, modifiers: KeyModifiers(0x0), kind: Press, state: KeyEventState(0x0) }
[2025-11-18 11:37:51.297] Popup state: Executing
[2025-11-18 11:37:51.449] handle_popup_input: key=KeyEvent { code: PageUp, modifiers: KeyModifiers(0x0), kind: Press, state: KeyEventState(0x0) }
[2025-11-18 11:37:51.449] Popup state: Executing
[2025-11-18 11:37:51.599] handle_popup_input: key=KeyEvent { code: PageUp, modifiers: KeyModifiers(0x0), kind: Press, state: KeyEventState(0x0) }
[2025-11-18 11:37:51.599] Popup state: Executing
[2025-11-18 11:37:51.740] handle_popup_input: key=KeyEvent { code: PageUp, modifiers: KeyModifiers(0x0), kind: Press, state: KeyEventState(0x0) }
[2025-11-18 11:37:51.740] Popup state: Executing
[2025-11-18 11:37:51.886] handle_popup_input: key=KeyEvent { code: PageUp, modifiers: KeyModifiers(0x0), kind: Press, state: KeyEventState(0x0) }
[2025-11-18 11:37:51.887] Popup state: Executing
[2025-11-18 11:37:52.033] handle_popup_input: key=KeyEvent { code: PageUp, modifiers: KeyModifiers(0x0), kind: Press, state: KeyEventState(0x0) }
[2025-11-18 11:37:52.033] Popup state: Executing
[2025-11-18 11:37:52.183] handle_popup_input: key=KeyEvent { code: PageUp, modifiers: KeyModifiers(0x0), kind: Press, state: KeyEventState(0x0) }
[2025-11-18 11:37:52.183] Popup state: Executing
[2025-11-18 11:37:52.333] handle_popup_input: key=KeyEvent { code: PageUp, modifiers: KeyModifiers(0x0), kind: Press, state: KeyEventState(0x0) }
[2025-11-18 11:37:52.333] Popup state: Executing
[2025-11-18 11:37:52.483] handle_popup_input: key=KeyEvent { code: PageUp, modifiers: KeyModifiers(0x0), kind: Press, state: KeyEventState(0x0) }
[2025-11-18 11:37:52.483] Popup state: Executing
[2025-11-18 11:37:52.622] handle_popup_input: key=KeyEvent { code: PageUp, modifiers: KeyModifiers(0x0), kind: Press, state: KeyEventState(0x0) }
[2025-11-18 11:37:52.622] Popup state: Executing
[2025-11-18 11:37:52.771] handle_popup_input: key=KeyEvent { code: PageUp, modifiers: KeyModifiers(0x0), kind: Press, state: KeyEventState(0x0) }
[2025-11-18 11:37:52.771] Popup state: Executing
[2025-11-18 11:37:52.910] handle_popup_input: key=KeyEvent { code: PageUp, modifiers: KeyModifiers(0x0), kind: Press, state: KeyEventState(0x0) }
[2025-11-18 11:37:52.910] Popup state: Executing
[2025-11-18 11:37:53.189] handle_popup_input: key=KeyEvent { code: PageDown, modifiers: KeyModifiers(0x0), kind: Press, state: KeyEventState(0x0) }
[2025-11-18 11:37:53.189] Popup state: Executing
[2025-11-18 11:37:53.693] handle_popup_input: key=KeyEvent { code: PageDown, modifiers: KeyModifiers(0x0), kind: Press, state: KeyEventState(0x0) }
[2025-11-18 11:37:53.693] Popup state: Executing
[2025-11-18 11:37:53.771] handle_popup_input: key=KeyEvent { code: PageDown, modifiers: KeyModifiers(0x0), kind: Press, state: KeyEventState(0x0) }
[2025-11-18 11:37:53.771] Popup state: Executing
[2025-11-18 11:37:53.855] handle_popup_input: key=KeyEvent { code: PageDown, modifiers: KeyModifiers(0x0), kind: Press, state: KeyEventState(0x0) }
[2025-11-18 11:37:53.855] Popup state: Executing
[2025-11-18 11:37:53.938] handle_popup_input: key=KeyEvent { code: PageDown, modifiers: KeyModifiers(0x0), kind: Press, state: KeyEventState(0x0) }
[2025-11-18 11:37:53.939] Popup state: Executing
[2025-11-18 11:37:54.022] handle_popup_input: key=KeyEvent { code: PageDown, modifiers: KeyModifiers(0x0), kind: Press, state: KeyEventState(0x0) }
[2025-11-18 11:37:54.023] Popup state: Executing
[2025-11-18 11:37:54.108] handle_popup_input: key=KeyEvent { code: PageDown, modifiers: KeyModifiers(0x0), kind: Press, state: KeyEventState(0x0) }
[2025-11-18 11:37:54.108] Popup state: Executing
[2025-11-18 11:37:54.189] handle_popup_input: key=KeyEvent { code: PageDown, modifiers: KeyModifiers(0x0), kind: Press, state: KeyEventState(0x0) }
[2025-11-18 11:37:54.189] Popup state: Executing
[2025-11-18 11:37:54.354] handle_popup_input: key=KeyEvent { code: End, modifiers: KeyModifiers(0x0), kind: Press, state: KeyEventState(0x0) }
[2025-11-18 11:37:54.354] Popup state: Executing
[2025-11-18 11:37:54.746] handle_popup_input: key=KeyEvent { code: Home, modifiers: KeyModifiers(0x0), kind: Press, state: KeyEventState(0x0) }
[2025-11-18 11:37:54.746] Popup state: Executing
[2025-11-18 11:37:55.056] handle_popup_input: key=KeyEvent { code: End, modifiers: KeyModifiers(0x0), kind: Press, state: KeyEventState(0x0) }
[2025-11-18 11:37:55.056] Popup state: Executing
[2025-11-18 11:37:55.471] handle_popup_input: key=KeyEvent { code: Up, modifiers: KeyModifiers(0x0), kind: Press, state: KeyEventState(0x0) }
[2025-11-18 11:37:55.471] Popup state: Executing
[2025-11-18 11:37:55.620] handle_popup_input: key=KeyEvent { code: Up, modifiers: KeyModifiers(0x0), kind: Press, state: KeyEventState(0x0) }
[2025-11-18 11:37:55.620] Popup state: Executing
[2025-11-18 11:37:55.901] handle_popup_input: key=KeyEvent { code: Down, modifiers: KeyModifiers(0x0), kind: Press, state: KeyEventState(0x0) }
[2025-11-18 11:37:55.901] Popup state: Executing
[2025-11-18 11:37:56.025] handle_popup_input: key=KeyEvent { code: Left, modifiers: KeyModifiers(0x0), kind: Press, state: KeyEventState(0x0) }
[2025-11-18 11:37:56.026] Popup state: Executing
[2025-11-18 11:37:56.174] handle_popup_input: key=KeyEvent { code: Right, modifiers: KeyModifiers(0x0), kind: Press, state: KeyEventState(0x0) }
[2025-11-18 11:37:56.174] Popup state: Executing
[2025-11-18 11:37:56.188] handle_popup_input: key=KeyEvent { code: Up, modifiers: KeyModifiers(0x0), kind: Press, state: KeyEventState(0x0) }
[2025-11-18 11:37:56.188] Popup state: Executing
[2025-11-18 11:37:56.284] handle_popup_input: key=KeyEvent { code: Left, modifiers: KeyModifiers(0x0), kind: Press, state: KeyEventState(0x0) }
[2025-11-18 11:37:56.284] Popup state: Executing
[2025-11-18 11:37:56.400] handle_popup_input: key=KeyEvent { code: Down, modifiers: KeyModifiers(0x0), kind: Press, state: KeyEventState(0x0) }
[2025-11-18 11:37:56.400] Popup state: Executing
[2025-11-18 11:37:56.418] handle_popup_input: key=KeyEvent { code: Right, modifiers: KeyModifiers(0x0), kind: Press, state: KeyEventState(0x0) }
[2025-11-18 11:37:56.418] Popup state: Executing
[2025-11-18 11:37:56.492] handle_popup_input: key=KeyEvent { code: Left, modifiers: KeyModifiers(0x0), kind: Press, state: KeyEventState(0x0) }
[2025-11-18 11:37:56.492] Popup state: Executing
[2025-11-18 11:37:56.574] handle_popup_input: key=KeyEvent { code: Right, modifiers: KeyModifiers(0x0), kind: Press, state: KeyEventState(0x0) }
[2025-11-18 11:37:56.574] Popup state: Executing
[2025-11-18 11:37:56.589] handle_popup_input: key=KeyEvent { code: Up, modifiers: KeyModifiers(0x0), kind: Press, state: KeyEventState(0x0) }
[2025-11-18 11:37:56.590] Popup state: Executing
[2025-11-18 11:37:56.704] handle_popup_input: key=KeyEvent { code: Left, modifiers: KeyModifiers(0x0), kind: Press, state: KeyEventState(0x0) }
[2025-11-18 11:37:56.704] Popup state: Executing
[2025-11-18 11:37:56.802] handle_popup_input: key=KeyEvent { code: Right, modifiers: KeyModifiers(0x0), kind: Press, state: KeyEventState(0x0) }
[2025-11-18 11:37:56.802] Popup state: Executing
[2025-11-18 11:37:56.881] handle_popup_input: key=KeyEvent { code: Up, modifiers: KeyModifiers(0x0), kind: Press, state: KeyEventState(0x0) }
[2025-11-18 11:37:56.881] Popup state: Executing
[2025-11-18 11:38:06.392] handle_popup_input: key=KeyEvent { code: Esc, modifiers: KeyModifiers(0x0), kind: Press, state: KeyEventState(0x0) }
[2025-11-18 11:38:06.392] Popup state: Executing
[2025-11-18 11:38:06.392] Esc pressed - closing executing popup
[2025-11-18 11:38:10.152] execute_command_async: Starting command
[2025-11-18 11:38:11.173] execute_command_async: Restart command finished
[2025-11-18 11:38:11.179] Received Error: Invalid environment ''. Must be 'local', 'docker', or 'k8s'.
[2025-11-18 11:38:31.446] handle_popup_input: key=KeyEvent { code: Esc, modifiers: KeyModifiers(0x0), kind: Press, state: KeyEventState(0x0) }
[2025-11-18 11:38:31.447] Popup state: Error("Invalid environment ''. Must be 'local', 'docker', or 'k8s'.")
[2025-11-18 12:35:46.092] === TUI Debug Log Started ===
[2025-11-18 12:35:46.093] TuiApp::new() called
[2025-11-18 12:35:46.099] TuiApp::run() starting
[2025-11-18 12:35:57.772] handle_popup_input: key=KeyEvent { code: Enter, modifiers: KeyModifiers(0x0), kind: Press, state: KeyEventState(0x0) }
[2025-11-18 12:35:57.772] Popup state: Confirm
[2025-11-18 12:35:57.772] Enter pressed - executing command
[2025-11-18 12:35:57.772] execute_command_from_popup called
[2025-11-18 12:35:57.772] Sending command request: CommandRequest { app_name: "luce-api", project: "luce", environment: "local", command_type: Start }
[2025-11-18 12:35:57.772] Popup set to executing state
[2025-11-18 12:35:57.772] Command sent to background task
[2025-11-18 12:35:57.773] execute_command_async: Starting command
[2025-11-18 12:35:59.783] execute_command_async: Start command finished
[2025-11-18 12:35:59.843] Received Success
[2025-11-18 12:36:38.804] handle_popup_input: key=KeyEvent { code: Up, modifiers: KeyModifiers(0x0), kind: Press, state: KeyEventState(0x0) }
[2025-11-18 12:36:38.805] Popup state: Executing
[2025-11-18 12:36:38.805] Auto-scroll was on, set scroll_offset to 149
[2025-11-18 12:36:38.805] Scroll up: 149 -> 148, lines: 179
[2025-11-18 12:36:38.805] Scroll up - needs_redraw set
[2025-11-18 12:36:39.229] handle_popup_input: key=KeyEvent { code: Up, modifiers: KeyModifiers(0x0), kind: Press, state: KeyEventState(0x0) }
[2025-11-18 12:36:39.229] Popup state: Executing
[2025-11-18 12:36:39.229] Scroll up: 148 -> 147, lines: 179
[2025-11-18 12:36:39.229] Scroll up - needs_redraw set
[2025-11-18 12:36:39.612] handle_popup_input: key=KeyEvent { code: Up, modifiers: KeyModifiers(0x0), kind: Press, state: KeyEventState(0x0) }
[2025-11-18 12:36:39.612] Popup state: Executing
[2025-11-18 12:36:39.612] Scroll up: 147 -> 146, lines: 179
[2025-11-18 12:36:39.612] Scroll up - needs_redraw set
[2025-11-18 12:36:40.051] handle_popup_input: key=KeyEvent { code: Up, modifiers: KeyModifiers(0x0), kind: Press, state: KeyEventState(0x0) }
[2025-11-18 12:36:40.052] Popup state: Executing
[2025-11-18 12:36:40.052] Scroll up: 146 -> 145, lines: 179
[2025-11-18 12:36:40.052] Scroll up - needs_redraw set
[2025-11-18 12:36:40.256] handle_popup_input: key=KeyEvent { code: Up, modifiers: KeyModifiers(0x0), kind: Press, state: KeyEventState(0x0) }
[2025-11-18 12:36:40.256] Popup state: Executing
[2025-11-18 12:36:40.256] Scroll up: 145 -> 144, lines: 179
[2025-11-18 12:36:40.256] Scroll up - needs_redraw set
[2025-11-18 12:36:40.433] handle_popup_input: key=KeyEvent { code: Up, modifiers: KeyModifiers(0x0), kind: Press, state: KeyEventState(0x0) }
[2025-11-18 12:36:40.433] Popup state: Executing
[2025-11-18 12:36:40.433] Scroll up: 144 -> 143, lines: 179
[2025-11-18 12:36:40.433] Scroll up - needs_redraw set
[2025-11-18 12:36:40.614] handle_popup_input: key=KeyEvent { code: Up, modifiers: KeyModifiers(0x0), kind: Press, state: KeyEventState(0x0) }
[2025-11-18 12:36:40.615] Popup state: Executing
[2025-11-18 12:36:40.615] Scroll up: 143 -> 142, lines: 179
[2025-11-18 12:36:40.615] Scroll up - needs_redraw set
[2025-11-18 12:36:40.771] handle_popup_input: key=KeyEvent { code: Up, modifiers: KeyModifiers(0x0), kind: Press, state: KeyEventState(0x0) }
[2025-11-18 12:36:40.771] Popup state: Executing
[2025-11-18 12:36:40.771] Scroll up: 142 -> 141, lines: 179
[2025-11-18 12:36:40.771] Scroll up - needs_redraw set
[2025-11-18 12:36:40.934] handle_popup_input: key=KeyEvent { code: Up, modifiers: KeyModifiers(0x0), kind: Press, state: KeyEventState(0x0) }
[2025-11-18 12:36:40.934] Popup state: Executing
[2025-11-18 12:36:40.934] Scroll up: 141 -> 140, lines: 179
[2025-11-18 12:36:40.934] Scroll up - needs_redraw set
[2025-11-18 12:36:41.109] handle_popup_input: key=KeyEvent { code: Up, modifiers: KeyModifiers(0x0), kind: Press, state: KeyEventState(0x0) }
[2025-11-18 12:36:41.111] Popup state: Executing
[2025-11-18 12:36:41.111] Scroll up: 140 -> 139, lines: 179
[2025-11-18 12:36:41.111] Scroll up - needs_redraw set
[2025-11-18 12:36:41.284] handle_popup_input: key=KeyEvent { code: Up, modifiers: KeyModifiers(0x0), kind: Press, state: KeyEventState(0x0) }
[2025-11-18 12:36:41.284] Popup state: Executing
[2025-11-18 12:36:41.284] Scroll up: 139 -> 138, lines: 179
[2025-11-18 12:36:41.284] Scroll up - needs_redraw set
[2025-11-18 12:36:41.444] handle_popup_input: key=KeyEvent { code: Up, modifiers: KeyModifiers(0x0), kind: Press, state: KeyEventState(0x0) }
[2025-11-18 12:36:41.444] Popup state: Executing
[2025-11-18 12:36:41.444] Scroll up: 138 -> 137, lines: 179
[2025-11-18 12:36:41.444] Scroll up - needs_redraw set
[2025-11-18 12:36:41.685] handle_popup_input: key=KeyEvent { code: Up, modifiers: KeyModifiers(0x0), kind: Press, state: KeyEventState(0x0) }
[2025-11-18 12:36:41.685] Popup state: Executing
[2025-11-18 12:36:41.685] Scroll up: 137 -> 136, lines: 179
[2025-11-18 12:36:41.685] Scroll up - needs_redraw set
[2025-11-18 12:36:41.875] handle_popup_input: key=KeyEvent { code: Up, modifiers: KeyModifiers(0x0), kind: Press, state: KeyEventState(0x0) }
[2025-11-18 12:36:41.875] Popup state: Executing
[2025-11-18 12:36:41.875] Scroll up: 136 -> 135, lines: 179
[2025-11-18 12:36:41.875] Scroll up - needs_redraw set
[2025-11-18 12:36:42.049] handle_popup_input: key=KeyEvent { code: Up, modifiers: KeyModifiers(0x0), kind: Press, state: KeyEventState(0x0) }
[2025-11-18 12:36:42.050] Popup state: Executing
[2025-11-18 12:36:42.050] Scroll up: 135 -> 134, lines: 179
[2025-11-18 12:36:42.050] Scroll up - needs_redraw set
[2025-11-18 12:36:42.220] handle_popup_input: key=KeyEvent { code: Up, modifiers: KeyModifiers(0x0), kind: Press, state: KeyEventState(0x0) }
[2025-11-18 12:36:42.220] Popup state: Executing
[2025-11-18 12:36:42.220] Scroll up: 134 -> 133, lines: 179
[2025-11-18 12:36:42.220] Scroll up - needs_redraw set
[2025-11-18 12:36:42.389] handle_popup_input: key=KeyEvent { code: Up, modifiers: KeyModifiers(0x0), kind: Press, state: KeyEventState(0x0) }
[2025-11-18 12:36:42.389] Popup state: Executing
[2025-11-18 12:36:42.389] Scroll up: 133 -> 132, lines: 179
[2025-11-18 12:36:42.389] Scroll up - needs_redraw set
[2025-11-18 12:36:42.549] handle_popup_input: key=KeyEvent { code: Up, modifiers: KeyModifiers(0x0), kind: Press, state: KeyEventState(0x0) }
[2025-11-18 12:36:42.549] Popup state: Executing
[2025-11-18 12:36:42.549] Scroll up: 132 -> 131, lines: 179
[2025-11-18 12:36:42.549] Scroll up - needs_redraw set
[2025-11-18 12:36:42.693] handle_popup_input: key=KeyEvent { code: Up, modifiers: KeyModifiers(0x0), kind: Press, state: KeyEventState(0x0) }
[2025-11-18 12:36:42.693] Popup state: Executing
[2025-11-18 12:36:42.693] Scroll up: 131 -> 130, lines: 179
[2025-11-18 12:36:42.693] Scroll up - needs_redraw set
[2025-11-18 12:36:42.823] handle_popup_input: key=KeyEvent { code: Up, modifiers: KeyModifiers(0x0), kind: Press, state: KeyEventState(0x0) }
[2025-11-18 12:36:42.824] Popup state: Executing
[2025-11-18 12:36:42.824] Scroll up: 130 -> 129, lines: 179
[2025-11-18 12:36:42.824] Scroll up - needs_redraw set
[2025-11-18 12:36:42.960] handle_popup_input: key=KeyEvent { code: Up, modifiers: KeyModifiers(0x0), kind: Press, state: KeyEventState(0x0) }
[2025-11-18 12:36:42.961] Popup state: Executing
[2025-11-18 12:36:42.961] Scroll up: 129 -> 128, lines: 179
[2025-11-18 12:36:42.961] Scroll up - needs_redraw set
[2025-11-18 12:36:43.101] handle_popup_input: key=KeyEvent { code: Up, modifiers: KeyModifiers(0x0), kind: Press, state: KeyEventState(0x0) }
[2025-11-18 12:36:43.101] Popup state: Executing
[2025-11-18 12:36:43.101] Scroll up: 128 -> 127, lines: 179
[2025-11-18 12:36:43.101] Scroll up - needs_redraw set
[2025-11-18 12:36:43.251] handle_popup_input: key=KeyEvent { code: Up, modifiers: KeyModifiers(0x0), kind: Press, state: KeyEventState(0x0) }
[2025-11-18 12:36:43.252] Popup state: Executing
[2025-11-18 12:36:43.252] Scroll up: 127 -> 126, lines: 179
[2025-11-18 12:36:43.252] Scroll up - needs_redraw set
[2025-11-18 12:36:43.409] handle_popup_input: key=KeyEvent { code: Up, modifiers: KeyModifiers(0x0), kind: Press, state: KeyEventState(0x0) }
[2025-11-18 12:36:43.409] Popup state: Executing
[2025-11-18 12:36:43.409] Scroll up: 126 -> 125, lines: 179
[2025-11-18 12:36:43.409] Scroll up - needs_redraw set
[2025-11-18 12:36:43.545] handle_popup_input: key=KeyEvent { code: Up, modifiers: KeyModifiers(0x0), kind: Press, state: KeyEventState(0x0) }
[2025-11-18 12:36:43.545] Popup state: Executing
[2025-11-18 12:36:43.545] Scroll up: 125 -> 124, lines: 179
[2025-11-18 12:36:43.545] Scroll up - needs_redraw set
[2025-11-18 12:36:43.688] handle_popup_input: key=KeyEvent { code: Up, modifiers: KeyModifiers(0x0), kind: Press, state: KeyEventState(0x0) }
[2025-11-18 12:36:43.688] Popup state: Executing
[2025-11-18 12:36:43.688] Scroll up: 124 -> 123, lines: 179
[2025-11-18 12:36:43.688] Scroll up - needs_redraw set
[2025-11-18 12:36:43.834] handle_popup_input: key=KeyEvent { code: Up, modifiers: KeyModifiers(0x0), kind: Press, state: KeyEventState(0x0) }
[2025-11-18 12:36:43.834] Popup state: Executing
[2025-11-18 12:36:43.834] Scroll up: 123 -> 122, lines: 179
[2025-11-18 12:36:43.834] Scroll up - needs_redraw set
[2025-11-18 12:36:43.969] handle_popup_input: key=KeyEvent { code: Up, modifiers: KeyModifiers(0x0), kind: Press, state: KeyEventState(0x0) }
[2025-11-18 12:36:43.970] Popup state: Executing
[2025-11-18 12:36:43.970] Scroll up: 122 -> 121, lines: 179
[2025-11-18 12:36:43.970] Scroll up - needs_redraw set
[2025-11-18 12:36:44.104] handle_popup_input: key=KeyEvent { code: Up, modifiers: KeyModifiers(0x0), kind: Press, state: KeyEventState(0x0) }
[2025-11-18 12:36:44.104] Popup state: Executing
[2025-11-18 12:36:44.104] Scroll up: 121 -> 120, lines: 179
[2025-11-18 12:36:44.104] Scroll up - needs_redraw set
[2025-11-18 12:36:44.241] handle_popup_input: key=KeyEvent { code: Up, modifiers: KeyModifiers(0x0), kind: Press, state: KeyEventState(0x0) }
[2025-11-18 12:36:44.241] Popup state: Executing
[2025-11-18 12:36:44.241] Scroll up: 120 -> 119, lines: 179
[2025-11-18 12:36:44.241] Scroll up - needs_redraw set
[2025-11-18 12:36:44.382] handle_popup_input: key=KeyEvent { code: Up, modifiers: KeyModifiers(0x0), kind: Press, state: KeyEventState(0x0) }
[2025-11-18 12:36:44.382] Popup state: Executing
[2025-11-18 12:36:44.382] Scroll up: 119 -> 118, lines: 179
[2025-11-18 12:36:44.382] Scroll up - needs_redraw set
[2025-11-18 12:36:44.524] handle_popup_input: key=KeyEvent { code: Up, modifiers: KeyModifiers(0x0), kind: Press, state: KeyEventState(0x0) }
[2025-11-18 12:36:44.524] Popup state: Executing
[2025-11-18 12:36:44.524] Scroll up: 118 -> 117, lines: 179
[2025-11-18 12:36:44.524] Scroll up - needs_redraw set
[2025-11-18 12:36:44.661] handle_popup_input: key=KeyEvent { code: Up, modifiers: KeyModifiers(0x0), kind: Press, state: KeyEventState(0x0) }
[2025-11-18 12:36:44.661] Popup state: Executing
[2025-11-18 12:36:44.661] Scroll up: 117 -> 116, lines: 179
[2025-11-18 12:36:44.661] Scroll up - needs_redraw set
[2025-11-18 12:36:44.801] handle_popup_input: key=KeyEvent { code: Up, modifiers: KeyModifiers(0x0), kind: Press, state: KeyEventState(0x0) }
[2025-11-18 12:36:44.801] Popup state: Executing
[2025-11-18 12:36:44.801] Scroll up: 116 -> 115, lines: 179
[2025-11-18 12:36:44.801] Scroll up - needs_redraw set
[2025-11-18 12:36:44.940] handle_popup_input: key=KeyEvent { code: Up, modifiers: KeyModifiers(0x0), kind: Press, state: KeyEventState(0x0) }
[2025-11-18 12:36:44.940] Popup state: Executing
[2025-11-18 12:36:44.941] Scroll up: 115 -> 114, lines: 179
[2025-11-18 12:36:44.941] Scroll up - needs_redraw set
[2025-11-18 12:36:45.085] handle_popup_input: key=KeyEvent { code: Up, modifiers: KeyModifiers(0x0), kind: Press, state: KeyEventState(0x0) }
[2025-11-18 12:36:45.085] Popup state: Executing
[2025-11-18 12:36:45.085] Scroll up: 114 -> 113, lines: 179
[2025-11-18 12:36:45.085] Scroll up - needs_redraw set
[2025-11-18 12:36:45.221] handle_popup_input: key=KeyEvent { code: Up, modifiers: KeyModifiers(0x0), kind: Press, state: KeyEventState(0x0) }
[2025-11-18 12:36:45.222] Popup state: Executing
[2025-11-18 12:36:45.222] Scroll up: 113 -> 112, lines: 179
[2025-11-18 12:36:45.222] Scroll up - needs_redraw set
[2025-11-18 12:36:45.371] handle_popup_input: key=KeyEvent { code: Up, modifiers: KeyModifiers(0x0), kind: Press, state: KeyEventState(0x0) }
[2025-11-18 12:36:45.371] Popup state: Executing
[2025-11-18 12:36:45.371] Scroll up: 112 -> 111, lines: 179
[2025-11-18 12:36:45.371] Scroll up - needs_redraw set
[2025-11-18 12:36:45.525] handle_popup_input: key=KeyEvent { code: Up, modifiers: KeyModifiers(0x0), kind: Press, state: KeyEventState(0x0) }
[2025-11-18 12:36:45.525] Popup state: Executing
[2025-11-18 12:36:45.525] Scroll up: 111 -> 110, lines: 179
[2025-11-18 12:36:45.525] Scroll up - needs_redraw set
[2025-11-18 12:36:45.673] handle_popup_input: key=KeyEvent { code: Up, modifiers: KeyModifiers(0x0), kind: Press, state: KeyEventState(0x0) }
[2025-11-18 12:36:45.673] Popup state: Executing
[2025-11-18 12:36:45.673] Scroll up: 110 -> 109, lines: 179
[2025-11-18 12:36:45.673] Scroll up - needs_redraw set
[2025-11-18 12:36:45.821] handle_popup_input: key=KeyEvent { code: Up, modifiers: KeyModifiers(0x0), kind: Press, state: KeyEventState(0x0) }
[2025-11-18 12:36:45.821] Popup state: Executing
[2025-11-18 12:36:45.821] Scroll up: 109 -> 108, lines: 179
[2025-11-18 12:36:45.821] Scroll up - needs_redraw set
[2025-11-18 12:36:45.978] handle_popup_input: key=KeyEvent { code: Up, modifiers: KeyModifiers(0x0), kind: Press, state: KeyEventState(0x0) }
[2025-11-18 12:36:45.978] Popup state: Executing
[2025-11-18 12:36:45.978] Scroll up: 108 -> 107, lines: 179
[2025-11-18 12:36:45.978] Scroll up - needs_redraw set
[2025-11-18 12:36:46.127] handle_popup_input: key=KeyEvent { code: Up, modifiers: KeyModifiers(0x0), kind: Press, state: KeyEventState(0x0) }
[2025-11-18 12:36:46.128] Popup state: Executing
[2025-11-18 12:36:46.128] Scroll up: 107 -> 106, lines: 179
[2025-11-18 12:36:46.128] Scroll up - needs_redraw set
[2025-11-18 12:36:46.291] handle_popup_input: key=KeyEvent { code: Up, modifiers: KeyModifiers(0x0), kind: Press, state: KeyEventState(0x0) }
[2025-11-18 12:36:46.292] Popup state: Executing
[2025-11-18 12:36:46.292] Scroll up: 106 -> 105, lines: 179
[2025-11-18 12:36:46.292] Scroll up - needs_redraw set
[2025-11-18 12:36:46.438] handle_popup_input: key=KeyEvent { code: Up, modifiers: KeyModifiers(0x0), kind: Press, state: KeyEventState(0x0) }
[2025-11-18 12:36:46.438] Popup state: Executing
[2025-11-18 12:36:46.438] Scroll up: 105 -> 104, lines: 179
[2025-11-18 12:36:46.438] Scroll up - needs_redraw set
[2025-11-18 12:36:46.582] handle_popup_input: key=KeyEvent { code: Up, modifiers: KeyModifiers(0x0), kind: Press, state: KeyEventState(0x0) }
[2025-11-18 12:36:46.582] Popup state: Executing
[2025-11-18 12:36:46.582] Scroll up: 104 -> 103, lines: 179
[2025-11-18 12:36:46.582] Scroll up - needs_redraw set
[2025-11-18 12:36:47.129] handle_popup_input: key=KeyEvent { code: Up, modifiers: KeyModifiers(0x0), kind: Press, state: KeyEventState(0x0) }
[2025-11-18 12:36:47.129] Popup state: Executing
[2025-11-18 12:36:47.129] Scroll up: 103 -> 102, lines: 179
[2025-11-18 12:36:47.129] Scroll up - needs_redraw set
[2025-11-18 12:55:58.957] === TUI Debug Log Started ===
[2025-11-18 12:55:58.957] TuiApp::new() called
[2025-11-18 12:55:58.966] TuiApp::run() starting
[2025-11-18 12:56:03.052] execute_command_async: Starting command
[2025-11-18 12:56:06.093] execute_command_async: Restart command finished
[2025-11-18 12:56:06.107] Received Success
[2025-11-18 12:56:55.743] handle_popup_input: key=KeyEvent { code: Esc, modifiers: KeyModifiers(0x0), kind: Press, state: KeyEventState(0x0) }
[2025-11-18 12:56:55.743] Popup state: Executing
[2025-11-18 12:56:55.743] Esc pressed - closing executing popup
[2025-11-18 13:06:25.740] === TUI Debug Log Started ===
[2025-11-18 13:06:25.741] TuiApp::new() called
[2025-11-18 13:06:25.746] TuiApp::run() starting
[2025-11-18 13:06:28.899] execute_command_async: Starting command
[2025-11-18 13:06:31.936] execute_command_async: Restart command finished
[2025-11-18 13:06:31.944] Received Error: Failed to start some dependencies:
  global/redis.local: Failed to start all apps:
  redis.local: Process 'redis.local' started but immediately crashed (PID: 13323). Check the log file: /Users/thomas.delalonde/.rustycli/logs/redis.local_20251118.log
  global/traefik.local: Failed to start all apps:
  traefik.local: Process 'traefik.local' started but immediately crashed (PID: 13324). Check the log file: /Users/thomas.delalonde/.rustycli/logs/traefik.local_20251118.log
[2025-11-18 13:10:47.376] === TUI Debug Log Started ===
[2025-11-18 13:10:47.377] TuiApp::new() called
[2025-11-18 13:10:47.379] TuiApp::run() starting
[2025-11-18 13:10:54.813] handle_popup_input: key=KeyEvent { code: Enter, modifiers: KeyModifiers(0x0), kind: Press, state: KeyEventState(0x0) }
[2025-11-18 13:10:54.813] Popup state: Confirm
[2025-11-18 13:10:54.813] Enter pressed - executing command
[2025-11-18 13:10:54.813] execute_command_from_popup called
[2025-11-18 13:10:54.813] Sending command request: CommandRequest { app_name: "luce-api", project: "luce", environment: "local", command_type: Start }
[2025-11-18 13:10:54.813] Popup set to executing state
[2025-11-18 13:10:54.813] Command sent to background task
[2025-11-18 13:10:54.814] execute_command_async: Starting command
[2025-11-18 13:10:56.825] execute_command_async: Start command finished
[2025-11-18 13:10:56.879] Received Success
[2025-11-18 13:13:17.317] handle_popup_input: key=KeyEvent { code: Char('`'), modifiers: KeyModifiers(0x0), kind: Press, state: KeyEventState(0x0) }
[2025-11-18 13:13:17.317] Popup state: Executing
[2025-11-18 13:13:17.926] handle_popup_input: key=KeyEvent { code: Esc, modifiers: KeyModifiers(0x0), kind: Press, state: KeyEventState(0x0) }
[2025-11-18 13:13:17.926] Popup state: Executing
[2025-11-18 13:13:17.926] Esc pressed - closing executing popup
[2025-11-18 13:13:32.191] execute_command_async: Starting command
[2025-11-18 13:13:35.213] execute_command_async: Restart command finished
[2025-11-18 13:13:35.277] Received Success
[2025-11-18 13:16:21.784] handle_popup_input: key=KeyEvent { code: Esc, modifiers: KeyModifiers(0x0), kind: Press, state: KeyEventState(0x0) }
[2025-11-18 13:16:21.784] Popup state: Executing
[2025-11-18 13:16:21.784] Esc pressed - closing executing popup
[2025-11-18 13:29:30.258] === TUI Debug Log Started ===
[2025-11-18 13:29:30.259] TuiApp::new() called
[2025-11-18 13:29:30.270] TuiApp::run() starting
[2025-11-18 13:29:51.817] handle_popup_input: key=KeyEvent { code: Esc, modifiers: KeyModifiers(0x0), kind: Press, state: KeyEventState(0x0) }
[2025-11-18 13:29:51.817] Popup state: Confirm
[2025-11-18 13:29:51.817] Esc pressed - closing popup
[2025-11-18 13:29:58.001] handle_popup_input: key=KeyEvent { code: Esc, modifiers: KeyModifiers(0x0), kind: Press, state: KeyEventState(0x0) }
[2025-11-18 13:29:58.001] Popup state: Confirm
[2025-11-18 13:29:58.001] Esc pressed - closing popup
[2025-11-18 13:30:02.846] handle_popup_input: key=KeyEvent { code: Enter, modifiers: KeyModifiers(0x0), kind: Press, state: KeyEventState(0x0) }
[2025-11-18 13:30:02.846] Popup state: Confirm
[2025-11-18 13:30:02.846] Enter pressed - executing command
[2025-11-18 13:30:02.846] execute_command_from_popup called
[2025-11-18 13:30:02.846] Sending command request: CommandRequest { app_name: "luce-api", project: "luce", environment: "local", command_type: Start }
[2025-11-18 13:30:02.846] Popup set to executing state
[2025-11-18 13:30:02.847] Command sent to background task
[2025-11-18 13:30:02.847] execute_command_async: Starting command
[2025-11-18 13:30:02.962] Received Error: Too many open files in system (os error 23)
[2025-11-18 13:37:41.940] === TUI Debug Log Started ===
[2025-11-18 13:37:41.941] TuiApp::new() called
[2025-11-18 13:37:41.945] TuiApp::run() starting
[2025-11-18 13:37:50.029] handle_popup_input: key=KeyEvent { code: Enter, modifiers: KeyModifiers(0x0), kind: Press, state: KeyEventState(0x0) }
[2025-11-18 13:37:50.031] Popup state: Confirm
[2025-11-18 13:37:50.031] Enter pressed - executing command
[2025-11-18 13:37:50.031] execute_command_from_popup called
[2025-11-18 13:37:50.031] Sending command request: CommandRequest { app_name: "luce-api", project: "luce", environment: "local", command_type: Start }
[2025-11-18 13:37:50.031] Popup set to executing state
[2025-11-18 13:37:50.031] Command sent to background task
[2025-11-18 13:37:50.031] execute_command_async: Starting command
[2025-11-18 13:38:50.649] handle_popup_input: key=KeyEvent { code: Down, modifiers: KeyModifiers(0x0), kind: Press, state: KeyEventState(0x0) }
[2025-11-18 13:38:50.649] Popup state: Executing
[2025-11-18 13:38:50.686] handle_popup_input: key=KeyEvent { code: Down, modifiers: KeyModifiers(0x0), kind: Press, state: KeyEventState(0x0) }
[2025-11-18 13:38:50.686] Popup state: Executing
[2025-11-18 13:38:50.715] handle_popup_input: key=KeyEvent { code: Down, modifiers: KeyModifiers(0x0), kind: Press, state: KeyEventState(0x0) }
[2025-11-18 13:38:50.715] Popup state: Executing
[2025-11-18 13:38:50.770] handle_popup_input: key=KeyEvent { code: Down, modifiers: KeyModifiers(0x0), kind: Press, state: KeyEventState(0x0) }
[2025-11-18 13:38:50.771] Popup state: Executing
[2025-11-18 13:38:50.988] handle_popup_input: key=KeyEvent { code: Up, modifiers: KeyModifiers(0x0), kind: Press, state: KeyEventState(0x0) }
[2025-11-18 13:38:50.988] Popup state: Executing
[2025-11-18 13:38:51.013] handle_popup_input: key=KeyEvent { code: Up, modifiers: KeyModifiers(0x0), kind: Press, state: KeyEventState(0x0) }
[2025-11-18 13:38:51.013] Popup state: Executing
[2025-11-18 13:38:51.087] handle_popup_input: key=KeyEvent { code: Up, modifiers: KeyModifiers(0x0), kind: Press, state: KeyEventState(0x0) }
[2025-11-18 13:38:51.087] Popup state: Executing
[2025-11-18 13:38:51.139] handle_popup_input: key=KeyEvent { code: Up, modifiers: KeyModifiers(0x0), kind: Press, state: KeyEventState(0x0) }
[2025-11-18 13:38:51.139] Popup state: Executing
[2025-11-18 13:38:51.399] handle_popup_input: key=KeyEvent { code: Down, modifiers: KeyModifiers(0x0), kind: Press, state: KeyEventState(0x0) }
[2025-11-18 13:38:51.399] Popup state: Executing
[2025-11-18 13:38:51.464] handle_popup_input: key=KeyEvent { code: Down, modifiers: KeyModifiers(0x0), kind: Press, state: KeyEventState(0x0) }
[2025-11-18 13:38:51.464] Popup state: Executing
[2025-11-18 13:38:51.487] handle_popup_input: key=KeyEvent { code: Down, modifiers: KeyModifiers(0x0), kind: Press, state: KeyEventState(0x0) }
[2025-11-18 13:38:51.487] Popup state: Executing
[2025-11-18 13:38:51.528] handle_popup_input: key=KeyEvent { code: Down, modifiers: KeyModifiers(0x0), kind: Press, state: KeyEventState(0x0) }
[2025-11-18 13:38:51.528] Popup state: Executing
[2025-11-18 13:38:52.922] handle_popup_input: key=KeyEvent { code: Down, modifiers: KeyModifiers(0x0), kind: Press, state: KeyEventState(0x0) }
[2025-11-18 13:38:52.922] Popup state: Executing
[2025-11-18 13:38:52.946] handle_popup_input: key=KeyEvent { code: Down, modifiers: KeyModifiers(0x0), kind: Press, state: KeyEventState(0x0) }
[2025-11-18 13:38:52.946] Popup state: Executing
[2025-11-18 13:38:52.970] handle_popup_input: key=KeyEvent { code: Down, modifiers: KeyModifiers(0x0), kind: Press, state: KeyEventState(0x0) }
[2025-11-18 13:38:52.971] Popup state: Executing
[2025-11-18 13:38:53.024] handle_popup_input: key=KeyEvent { code: Down, modifiers: KeyModifiers(0x0), kind: Press, state: KeyEventState(0x0) }
[2025-11-18 13:38:53.025] Popup state: Executing
[2025-11-18 13:38:53.146] handle_popup_input: key=KeyEvent { code: Up, modifiers: KeyModifiers(0x0), kind: Press, state: KeyEventState(0x0) }
[2025-11-18 13:38:53.146] Popup state: Executing
[2025-11-18 13:38:53.170] handle_popup_input: key=KeyEvent { code: Up, modifiers: KeyModifiers(0x0), kind: Press, state: KeyEventState(0x0) }
[2025-11-18 13:38:53.170] Popup state: Executing
[2025-11-18 13:38:53.207] handle_popup_input: key=KeyEvent { code: Up, modifiers: KeyModifiers(0x0), kind: Press, state: KeyEventState(0x0) }
[2025-11-18 13:38:53.207] Popup state: Executing
[2025-11-18 13:38:53.225] handle_popup_input: key=KeyEvent { code: Up, modifiers: KeyModifiers(0x0), kind: Press, state: KeyEventState(0x0) }
[2025-11-18 13:38:53.225] Popup state: Executing
[2025-11-18 13:38:53.340] handle_popup_input: key=KeyEvent { code: Down, modifiers: KeyModifiers(0x0), kind: Press, state: KeyEventState(0x0) }
[2025-11-18 13:38:53.340] Popup state: Executing
[2025-11-18 13:38:53.400] handle_popup_input: key=KeyEvent { code: Down, modifiers: KeyModifiers(0x0), kind: Press, state: KeyEventState(0x0) }
[2025-11-18 13:38:53.400] Popup state: Executing
[2025-11-18 13:38:56.534] handle_popup_input: key=KeyEvent { code: Down, modifiers: KeyModifiers(0x0), kind: Press, state: KeyEventState(0x0) }
[2025-11-18 13:38:56.534] Popup state: Executing
[2025-11-18 13:38:56.582] handle_popup_input: key=KeyEvent { code: Down, modifiers: KeyModifiers(0x0), kind: Press, state: KeyEventState(0x0) }
[2025-11-18 13:38:56.582] Popup state: Executing
[2025-11-18 13:38:56.624] handle_popup_input: key=KeyEvent { code: Down, modifiers: KeyModifiers(0x0), kind: Press, state: KeyEventState(0x0) }
[2025-11-18 13:38:56.624] Popup state: Executing
[2025-11-18 13:38:56.682] handle_popup_input: key=KeyEvent { code: Down, modifiers: KeyModifiers(0x0), kind: Press, state: KeyEventState(0x0) }
[2025-11-18 13:38:56.682] Popup state: Executing
[2025-11-18 13:38:56.809] handle_popup_input: key=KeyEvent { code: Up, modifiers: KeyModifiers(0x0), kind: Press, state: KeyEventState(0x0) }
[2025-11-18 13:38:56.809] Popup state: Executing
[2025-11-18 13:38:56.851] handle_popup_input: key=KeyEvent { code: Up, modifiers: KeyModifiers(0x0), kind: Press, state: KeyEventState(0x0) }
[2025-11-18 13:38:56.851] Popup state: Executing
[2025-11-18 13:38:57.467] handle_popup_input: key=KeyEvent { code: Up, modifiers: KeyModifiers(0x0), kind: Press, state: KeyEventState(0x0) }
[2025-11-18 13:38:57.467] Popup state: Executing
[2025-11-18 13:38:57.705] handle_popup_input: key=KeyEvent { code: Up, modifiers: KeyModifiers(0x0), kind: Press, state: KeyEventState(0x0) }
[2025-11-18 13:38:57.706] Popup state: Executing
[2025-11-18 13:38:57.889] handle_popup_input: key=KeyEvent { code: Up, modifiers: KeyModifiers(0x0), kind: Press, state: KeyEventState(0x0) }
[2025-11-18 13:38:57.890] Popup state: Executing
[2025-11-18 13:38:58.059] handle_popup_input: key=KeyEvent { code: Up, modifiers: KeyModifiers(0x0), kind: Press, state: KeyEventState(0x0) }
[2025-11-18 13:38:58.059] Popup state: Executing
[2025-11-18 13:38:58.379] handle_popup_input: key=KeyEvent { code: Up, modifiers: KeyModifiers(0x0), kind: Press, state: KeyEventState(0x0) }
[2025-11-18 13:38:58.379] Popup state: Executing
[2025-11-18 13:38:58.545] handle_popup_input: key=KeyEvent { code: Up, modifiers: KeyModifiers(0x0), kind: Press, state: KeyEventState(0x0) }
[2025-11-18 13:38:58.545] Popup state: Executing
[2025-11-18 13:38:58.683] handle_popup_input: key=KeyEvent { code: Up, modifiers: KeyModifiers(0x0), kind: Press, state: KeyEventState(0x0) }
[2025-11-18 13:38:58.684] Popup state: Executing
[2025-11-18 13:38:58.896] handle_popup_input: key=KeyEvent { code: Down, modifiers: KeyModifiers(0x0), kind: Press, state: KeyEventState(0x0) }
[2025-11-18 13:38:58.896] Popup state: Executing
[2025-11-18 13:38:59.047] handle_popup_input: key=KeyEvent { code: Down, modifiers: KeyModifiers(0x0), kind: Press, state: KeyEventState(0x0) }
[2025-11-18 13:38:59.047] Popup state: Executing
[2025-11-18 13:38:59.189] handle_popup_input: key=KeyEvent { code: Down, modifiers: KeyModifiers(0x0), kind: Press, state: KeyEventState(0x0) }
[2025-11-18 13:38:59.189] Popup state: Executing
[2025-11-18 13:39:00.629] handle_popup_input: key=KeyEvent { code: Up, modifiers: KeyModifiers(0x0), kind: Press, state: KeyEventState(0x0) }
[2025-11-18 13:39:00.629] Popup state: Executing
[2025-11-18 13:39:00.809] handle_popup_input: key=KeyEvent { code: Up, modifiers: KeyModifiers(0x0), kind: Press, state: KeyEventState(0x0) }
[2025-11-18 13:39:00.809] Popup state: Executing
[2025-11-18 13:39:01.048] handle_popup_input: key=KeyEvent { code: Up, modifiers: KeyModifiers(0x0), kind: Press, state: KeyEventState(0x0) }
[2025-11-18 13:39:01.048] Popup state: Executing
[2025-11-18 13:39:01.657] handle_popup_input: key=KeyEvent { code: Home, modifiers: KeyModifiers(0x0), kind: Press, state: KeyEventState(0x0) }
[2025-11-18 13:39:01.657] Popup state: Executing
[2025-11-18 13:39:02.084] handle_popup_input: key=KeyEvent { code: Home, modifiers: KeyModifiers(0x0), kind: Press, state: KeyEventState(0x0) }
[2025-11-18 13:39:02.084] Popup state: Executing
[2025-11-18 13:39:02.309] handle_popup_input: key=KeyEvent { code: Home, modifiers: KeyModifiers(0x0), kind: Press, state: KeyEventState(0x0) }
[2025-11-18 13:39:02.310] Popup state: Executing
[2025-11-18 13:39:02.618] handle_popup_input: key=KeyEvent { code: End, modifiers: KeyModifiers(0x0), kind: Press, state: KeyEventState(0x0) }
[2025-11-18 13:39:02.618] Popup state: Executing
[2025-11-18 13:39:03.088] handle_popup_input: key=KeyEvent { code: Home, modifiers: KeyModifiers(0x0), kind: Press, state: KeyEventState(0x0) }
[2025-11-18 13:39:03.088] Popup state: Executing
[2025-11-18 13:39:03.434] handle_popup_input: key=KeyEvent { code: PageDown, modifiers: KeyModifiers(0x0), kind: Press, state: KeyEventState(0x0) }
[2025-11-18 13:39:03.439] Popup state: Executing
[2025-11-18 13:39:03.791] handle_popup_input: key=KeyEvent { code: PageDown, modifiers: KeyModifiers(0x0), kind: Press, state: KeyEventState(0x0) }
[2025-11-18 13:39:03.791] Popup state: Executing
[2025-11-18 13:39:03.978] handle_popup_input: key=KeyEvent { code: PageDown, modifiers: KeyModifiers(0x0), kind: Press, state: KeyEventState(0x0) }
[2025-11-18 13:39:03.978] Popup state: Executing
[2025-11-18 13:39:04.146] handle_popup_input: key=KeyEvent { code: PageDown, modifiers: KeyModifiers(0x0), kind: Press, state: KeyEventState(0x0) }
[2025-11-18 13:39:04.146] Popup state: Executing
[2025-11-18 13:39:04.312] handle_popup_input: key=KeyEvent { code: PageDown, modifiers: KeyModifiers(0x0), kind: Press, state: KeyEventState(0x0) }
[2025-11-18 13:39:04.312] Popup state: Executing
[2025-11-18 13:39:04.483] handle_popup_input: key=KeyEvent { code: PageDown, modifiers: KeyModifiers(0x0), kind: Press, state: KeyEventState(0x0) }
[2025-11-18 13:39:04.483] Popup state: Executing
[2025-11-18 13:39:04.646] handle_popup_input: key=KeyEvent { code: PageDown, modifiers: KeyModifiers(0x0), kind: Press, state: KeyEventState(0x0) }
[2025-11-18 13:39:04.646] Popup state: Executing
[2025-11-18 13:39:04.928] handle_popup_input: key=KeyEvent { code: PageDown, modifiers: KeyModifiers(0x0), kind: Press, state: KeyEventState(0x0) }
[2025-11-18 13:39:04.928] Popup state: Executing
[2025-11-18 13:39:05.249] handle_popup_input: key=KeyEvent { code: PageUp, modifiers: KeyModifiers(0x0), kind: Press, state: KeyEventState(0x0) }
[2025-11-18 13:39:05.250] Popup state: Executing
[2025-11-18 13:39:05.665] handle_popup_input: key=KeyEvent { code: PageUp, modifiers: KeyModifiers(0x0), kind: Press, state: KeyEventState(0x0) }
[2025-11-18 13:39:05.665] Popup state: Executing
[2025-11-18 13:39:06.188] handle_popup_input: key=KeyEvent { code: PageDown, modifiers: KeyModifiers(0x0), kind: Press, state: KeyEventState(0x0) }
[2025-11-18 13:39:06.188] Popup state: Executing
[2025-11-18 13:39:06.367] handle_popup_input: key=KeyEvent { code: PageDown, modifiers: KeyModifiers(0x0), kind: Press, state: KeyEventState(0x0) }
[2025-11-18 13:39:06.367] Popup state: Executing
[2025-11-18 13:39:06.513] handle_popup_input: key=KeyEvent { code: PageDown, modifiers: KeyModifiers(0x0), kind: Press, state: KeyEventState(0x0) }
[2025-11-18 13:39:06.513] Popup state: Executing
[2025-11-18 13:39:06.793] handle_popup_input: key=KeyEvent { code: PageUp, modifiers: KeyModifiers(0x0), kind: Press, state: KeyEventState(0x0) }
[2025-11-18 13:39:06.793] Popup state: Executing
[2025-11-18 13:39:06.992] handle_popup_input: key=KeyEvent { code: PageUp, modifiers: KeyModifiers(0x0), kind: Press, state: KeyEventState(0x0) }
[2025-11-18 13:39:06.992] Popup state: Executing
[2025-11-18 13:39:07.374] handle_popup_input: key=KeyEvent { code: PageDown, modifiers: KeyModifiers(0x0), kind: Press, state: KeyEventState(0x0) }
[2025-11-18 13:39:07.374] Popup state: Executing
[2025-11-18 13:39:07.542] handle_popup_input: key=KeyEvent { code: PageDown, modifiers: KeyModifiers(0x0), kind: Press, state: KeyEventState(0x0) }
[2025-11-18 13:39:07.543] Popup state: Executing
[2025-11-18 13:39:08.081] handle_popup_input: key=KeyEvent { code: Up, modifiers: KeyModifiers(0x0), kind: Press, state: KeyEventState(0x0) }
[2025-11-18 13:39:08.082] Popup state: Executing
[2025-11-18 13:39:08.256] handle_popup_input: key=KeyEvent { code: Up, modifiers: KeyModifiers(0x0), kind: Press, state: KeyEventState(0x0) }
[2025-11-18 13:39:08.256] Popup state: Executing
[2025-11-18 13:39:08.400] handle_popup_input: key=KeyEvent { code: Up, modifiers: KeyModifiers(0x0), kind: Press, state: KeyEventState(0x0) }
[2025-11-18 13:39:08.400] Popup state: Executing
[2025-11-18 13:39:08.540] handle_popup_input: key=KeyEvent { code: Up, modifiers: KeyModifiers(0x0), kind: Press, state: KeyEventState(0x0) }
[2025-11-18 13:39:08.540] Popup state: Executing
[2025-11-18 13:39:08.682] handle_popup_input: key=KeyEvent { code: Up, modifiers: KeyModifiers(0x0), kind: Press, state: KeyEventState(0x0) }
[2025-11-18 13:39:08.682] Popup state: Executing
[2025-11-18 13:39:08.829] handle_popup_input: key=KeyEvent { code: Up, modifiers: KeyModifiers(0x0), kind: Press, state: KeyEventState(0x0) }
[2025-11-18 13:39:08.829] Popup state: Executing
[2025-11-18 13:39:08.969] handle_popup_input: key=KeyEvent { code: Up, modifiers: KeyModifiers(0x0), kind: Press, state: KeyEventState(0x0) }
[2025-11-18 13:39:08.969] Popup state: Executing
[2025-11-18 13:39:09.085] handle_popup_input: key=KeyEvent { code: Up, modifiers: KeyModifiers(0x0), kind: Press, state: KeyEventState(0x0) }
[2025-11-18 13:39:09.085] Popup state: Executing
[2025-11-18 13:39:09.233] handle_popup_input: key=KeyEvent { code: Up, modifiers: KeyModifiers(0x0), kind: Press, state: KeyEventState(0x0) }
[2025-11-18 13:39:09.234] Popup state: Executing
[2025-11-18 13:39:09.382] handle_popup_input: key=KeyEvent { code: Up, modifiers: KeyModifiers(0x0), kind: Press, state: KeyEventState(0x0) }
[2025-11-18 13:39:09.382] Popup state: Executing
[2025-11-18 13:39:09.518] handle_popup_input: key=KeyEvent { code: Up, modifiers: KeyModifiers(0x0), kind: Press, state: KeyEventState(0x0) }
[2025-11-18 13:39:09.518] Popup state: Executing
[2025-11-18 13:39:09.654] handle_popup_input: key=KeyEvent { code: Up, modifiers: KeyModifiers(0x0), kind: Press, state: KeyEventState(0x0) }
[2025-11-18 13:39:09.655] Popup state: Executing
[2025-11-18 13:39:09.803] handle_popup_input: key=KeyEvent { code: Up, modifiers: KeyModifiers(0x0), kind: Press, state: KeyEventState(0x0) }
[2025-11-18 13:39:09.803] Popup state: Executing
[2025-11-18 13:39:09.946] handle_popup_input: key=KeyEvent { code: Up, modifiers: KeyModifiers(0x0), kind: Press, state: KeyEventState(0x0) }
[2025-11-18 13:39:09.946] Popup state: Executing
[2025-11-18 13:39:10.079] handle_popup_input: key=KeyEvent { code: Up, modifiers: KeyModifiers(0x0), kind: Press, state: KeyEventState(0x0) }
[2025-11-18 13:39:10.079] Popup state: Executing
[2025-11-18 13:39:10.336] handle_popup_input: key=KeyEvent { code: Down, modifiers: KeyModifiers(0x0), kind: Press, state: KeyEventState(0x0) }
[2025-11-18 13:39:10.336] Popup state: Executing
[2025-11-18 13:39:10.444] handle_popup_input: key=KeyEvent { code: Down, modifiers: KeyModifiers(0x0), kind: Press, state: KeyEventState(0x0) }
[2025-11-18 13:39:10.445] Popup state: Executing
[2025-11-18 13:39:10.581] handle_popup_input: key=KeyEvent { code: Down, modifiers: KeyModifiers(0x0), kind: Press, state: KeyEventState(0x0) }
[2025-11-18 13:39:10.582] Popup state: Executing
[2025-11-18 13:39:10.720] handle_popup_input: key=KeyEvent { code: Down, modifiers: KeyModifiers(0x0), kind: Press, state: KeyEventState(0x0) }
[2025-11-18 13:39:10.721] Popup state: Executing
[2025-11-18 13:39:10.735] handle_popup_input: key=KeyEvent { code: Up, modifiers: KeyModifiers(0x0), kind: Press, state: KeyEventState(0x0) }
[2025-11-18 13:39:10.735] Popup state: Executing
[2025-11-18 13:39:10.849] handle_popup_input: key=KeyEvent { code: Down, modifiers: KeyModifiers(0x0), kind: Press, state: KeyEventState(0x0) }
[2025-11-18 13:39:10.849] Popup state: Executing
[2025-11-18 13:39:10.867] handle_popup_input: key=KeyEvent { code: Up, modifiers: KeyModifiers(0x0), kind: Press, state: KeyEventState(0x0) }
[2025-11-18 13:39:10.867] Popup state: Executing
[2025-11-18 13:39:10.984] handle_popup_input: key=KeyEvent { code: Down, modifiers: KeyModifiers(0x0), kind: Press, state: KeyEventState(0x0) }
[2025-11-18 13:39:10.984] Popup state: Executing
[2025-11-18 13:39:11.128] handle_popup_input: key=KeyEvent { code: Down, modifiers: KeyModifiers(0x0), kind: Press, state: KeyEventState(0x0) }
[2025-11-18 13:39:11.128] Popup state: Executing
[2025-11-18 13:39:11.263] handle_popup_input: key=KeyEvent { code: Down, modifiers: KeyModifiers(0x0), kind: Press, state: KeyEventState(0x0) }
[2025-11-18 13:39:11.263] Popup state: Executing
[2025-11-18 13:39:11.395] handle_popup_input: key=KeyEvent { code: Down, modifiers: KeyModifiers(0x0), kind: Press, state: KeyEventState(0x0) }
[2025-11-18 13:39:11.395] Popup state: Executing
[2025-11-18 13:39:11.529] handle_popup_input: key=KeyEvent { code: Down, modifiers: KeyModifiers(0x0), kind: Press, state: KeyEventState(0x0) }
[2025-11-18 13:39:11.529] Popup state: Executing
[2025-11-18 13:39:11.667] handle_popup_input: key=KeyEvent { code: Down, modifiers: KeyModifiers(0x0), kind: Press, state: KeyEventState(0x0) }
[2025-11-18 13:39:11.667] Popup state: Executing
[2025-11-18 13:39:11.797] handle_popup_input: key=KeyEvent { code: Down, modifiers: KeyModifiers(0x0), kind: Press, state: KeyEventState(0x0) }
[2025-11-18 13:39:11.797] Popup state: Executing
[2025-11-18 13:39:11.929] handle_popup_input: key=KeyEvent { code: Down, modifiers: KeyModifiers(0x0), kind: Press, state: KeyEventState(0x0) }
[2025-11-18 13:39:11.929] Popup state: Executing
[2025-11-18 13:39:33.867] handle_popup_input: key=KeyEvent { code: Esc, modifiers: KeyModifiers(0x0), kind: Press, state: KeyEventState(0x0) }
[2025-11-18 13:39:33.867] Popup state: Executing
[2025-11-18 13:39:33.868] Esc pressed - closing executing popup
[2025-11-18 13:39:38.873] execute_command_async: Starting command
[2025-11-18 13:39:39.907] execute_command_async: Stop command finished
[2025-11-18 13:39:40.001] Received Success
[2025-11-18 13:39:42.208] handle_popup_input: key=KeyEvent { code: Esc, modifiers: KeyModifiers(0x0), kind: Press, state: KeyEventState(0x0) }
[2025-11-18 13:39:42.208] Popup state: Executing
[2025-11-18 13:39:42.208] Esc pressed - closing executing popup
[2025-11-18 13:41:32.902] handle_popup_input: key=KeyEvent { code: Enter, modifiers: KeyModifiers(0x0), kind: Press, state: KeyEventState(0x0) }
[2025-11-18 13:41:32.902] Popup state: Confirm
[2025-11-18 13:41:32.902] Enter pressed - executing command
[2025-11-18 13:41:32.902] execute_command_from_popup called
[2025-11-18 13:41:32.902] Sending command request: CommandRequest { app_name: "luce-api", project: "luce", environment: "local", command_type: Start }
[2025-11-18 13:41:32.902] Popup set to executing state
[2025-11-18 13:41:32.902] Command sent to background task
[2025-11-18 13:41:32.902] execute_command_async: Starting command
[2025-11-18 13:56:26.225] handle_popup_input: key=KeyEvent { code: Esc, modifiers: KeyModifiers(0x0), kind: Press, state: KeyEventState(0x0) }
[2025-11-18 13:56:26.226] Popup state: Executing
[2025-11-18 13:56:26.226] Esc pressed - closing executing popup
[2025-11-18 13:56:40.774] execute_command_async: Starting command
[2025-11-18 13:56:41.808] execute_command_async: Stop command finished
[2025-11-18 13:56:41.901] Received Success
[2025-11-18 13:56:44.612] handle_popup_input: key=KeyEvent { code: Esc, modifiers: KeyModifiers(0x0), kind: Press, state: KeyEventState(0x0) }
[2025-11-18 13:56:44.612] Popup state: Executing
[2025-11-18 13:56:44.612] Esc pressed - closing executing popup
[2025-11-18 14:26:34.434] === TUI Debug Log Started ===
[2025-11-18 14:26:34.435] TuiApp::new() called
[2025-11-18 14:26:34.441] TuiApp::run() starting
[2025-11-18 14:26:44.728] handle_popup_input: key=KeyEvent { code: Right, modifiers: KeyModifiers(0x0), kind: Press, state: KeyEventState(0x0) }
[2025-11-18 14:26:44.728] Popup state: Confirm
[2025-11-18 14:26:45.127] handle_popup_input: key=KeyEvent { code: Left, modifiers: KeyModifiers(0x0), kind: Press, state: KeyEventState(0x0) }
[2025-11-18 14:26:45.128] Popup state: Confirm
[2025-11-18 14:26:45.425] handle_popup_input: key=KeyEvent { code: Right, modifiers: KeyModifiers(0x0), kind: Press, state: KeyEventState(0x0) }
[2025-11-18 14:26:45.425] Popup state: Confirm
[2025-11-18 14:26:45.620] handle_popup_input: key=KeyEvent { code: Right, modifiers: KeyModifiers(0x0), kind: Press, state: KeyEventState(0x0) }
[2025-11-18 14:26:45.620] Popup state: Confirm
[2025-11-18 14:26:45.875] handle_popup_input: key=KeyEvent { code: Left, modifiers: KeyModifiers(0x0), kind: Press, state: KeyEventState(0x0) }
[2025-11-18 14:26:45.875] Popup state: Confirm
[2025-11-18 14:26:46.036] handle_popup_input: key=KeyEvent { code: Left, modifiers: KeyModifiers(0x0), kind: Press, state: KeyEventState(0x0) }
[2025-11-18 14:26:46.036] Popup state: Confirm
[2025-11-18 14:26:46.181] handle_popup_input: key=KeyEvent { code: Left, modifiers: KeyModifiers(0x0), kind: Press, state: KeyEventState(0x0) }
[2025-11-18 14:26:46.182] Popup state: Confirm
[2025-11-18 14:26:46.394] handle_popup_input: key=KeyEvent { code: Right, modifiers: KeyModifiers(0x0), kind: Press, state: KeyEventState(0x0) }
[2025-11-18 14:26:46.394] Popup state: Confirm
[2025-11-18 14:26:46.556] handle_popup_input: key=KeyEvent { code: Right, modifiers: KeyModifiers(0x0), kind: Press, state: KeyEventState(0x0) }
[2025-11-18 14:26:46.556] Popup state: Confirm
[2025-11-18 14:26:46.875] handle_popup_input: key=KeyEvent { code: Right, modifiers: KeyModifiers(0x0), kind: Press, state: KeyEventState(0x0) }
[2025-11-18 14:26:46.875] Popup state: Confirm
[2025-11-18 14:26:47.174] handle_popup_input: key=KeyEvent { code: Left, modifiers: KeyModifiers(0x0), kind: Press, state: KeyEventState(0x0) }
[2025-11-18 14:26:47.175] Popup state: Confirm
[2025-11-18 14:26:47.356] handle_popup_input: key=KeyEvent { code: Left, modifiers: KeyModifiers(0x0), kind: Press, state: KeyEventState(0x0) }
[2025-11-18 14:26:47.356] Popup state: Confirm
[2025-11-18 14:26:47.735] handle_popup_input: key=KeyEvent { code: Right, modifiers: KeyModifiers(0x0), kind: Press, state: KeyEventState(0x0) }
[2025-11-18 14:26:47.735] Popup state: Confirm
[2025-11-18 14:26:48.025] handle_popup_input: key=KeyEvent { code: Right, modifiers: KeyModifiers(0x0), kind: Press, state: KeyEventState(0x0) }
[2025-11-18 14:26:48.025] Popup state: Confirm
[2025-11-18 14:26:48.365] handle_popup_input: key=KeyEvent { code: Left, modifiers: KeyModifiers(0x0), kind: Press, state: KeyEventState(0x0) }
[2025-11-18 14:26:48.365] Popup state: Confirm
[2025-11-18 14:26:48.553] handle_popup_input: key=KeyEvent { code: Left, modifiers: KeyModifiers(0x0), kind: Press, state: KeyEventState(0x0) }
[2025-11-18 14:26:48.553] Popup state: Confirm
[2025-11-18 14:26:48.872] handle_popup_input: key=KeyEvent { code: Right, modifiers: KeyModifiers(0x0), kind: Press, state: KeyEventState(0x0) }
[2025-11-18 14:26:48.872] Popup state: Confirm
[2025-11-18 14:26:49.113] handle_popup_input: key=KeyEvent { code: Left, modifiers: KeyModifiers(0x0), kind: Press, state: KeyEventState(0x0) }
[2025-11-18 14:26:49.113] Popup state: Confirm
[2025-11-18 14:26:49.370] handle_popup_input: key=KeyEvent { code: Right, modifiers: KeyModifiers(0x0), kind: Press, state: KeyEventState(0x0) }
[2025-11-18 14:26:49.370] Popup state: Confirm
[2025-11-18 14:26:49.581] handle_popup_input: key=KeyEvent { code: Left, modifiers: KeyModifiers(0x0), kind: Press, state: KeyEventState(0x0) }
[2025-11-18 14:26:49.581] Popup state: Confirm
[2025-11-18 14:26:49.756] handle_popup_input: key=KeyEvent { code: Right, modifiers: KeyModifiers(0x0), kind: Press, state: KeyEventState(0x0) }
[2025-11-18 14:26:49.756] Popup state: Confirm
[2025-11-18 14:26:49.913] handle_popup_input: key=KeyEvent { code: Left, modifiers: KeyModifiers(0x0), kind: Press, state: KeyEventState(0x0) }
[2025-11-18 14:26:49.913] Popup state: Confirm
[2025-11-18 14:26:50.871] handle_popup_input: key=KeyEvent { code: Enter, modifiers: KeyModifiers(0x0), kind: Press, state: KeyEventState(0x0) }
[2025-11-18 14:26:50.872] Popup state: Confirm
[2025-11-18 14:26:50.872] Enter pressed - executing command
[2025-11-18 14:26:50.872] execute_command_from_popup called
[2025-11-18 14:26:50.872] Sending command request: CommandRequest { app_name: "luce-api", project: "luce", environment: "local", command_type: Start }
[2025-11-18 14:26:50.872] Popup set to executing state
[2025-11-18 14:26:50.872] Command sent to background task
[2025-11-18 14:26:50.872] execute_command_async: Starting command
[2025-11-18 14:27:00.729] handle_popup_input: key=KeyEvent { code: Esc, modifiers: KeyModifiers(0x0), kind: Press, state: KeyEventState(0x0) }
[2025-11-18 14:27:00.729] Popup state: Executing
[2025-11-18 14:27:00.729] Esc pressed - closing executing popup
[2025-11-18 14:27:02.524] execute_command_async: Starting command
[2025-11-18 14:27:03.053] execute_command_async: Stop command finished
[2025-11-18 14:27:03.140] Received Success
[2025-11-18 14:27:05.982] handle_popup_input: key=KeyEvent { code: Esc, modifiers: KeyModifiers(0x0), kind: Press, state: KeyEventState(0x0) }
[2025-11-18 14:27:05.982] Popup state: Executing
[2025-11-18 14:27:05.982] Esc pressed - closing executing popup
[2025-11-18 14:27:16.254] handle_popup_input: key=KeyEvent { code: Enter, modifiers: KeyModifiers(0x0), kind: Press, state: KeyEventState(0x0) }
[2025-11-18 14:27:16.254] Popup state: Confirm
[2025-11-18 14:27:16.254] Enter pressed - executing command
[2025-11-18 14:27:16.254] execute_command_from_popup called
[2025-11-18 14:27:16.254] Sending command request: CommandRequest { app_name: "luce-api", project: "luce", environment: "local", command_type: Start }
[2025-11-18 14:27:16.254] Popup set to executing state
[2025-11-18 14:27:16.254] Command sent to background task
[2025-11-18 14:27:16.254] execute_command_async: Starting command
[2025-11-18 14:27:31.588] handle_popup_input: key=KeyEvent { code: Up, modifiers: KeyModifiers(0x0), kind: Press, state: KeyEventState(0x0) }
[2025-11-18 14:27:31.588] Popup state: Executing
[2025-11-18 14:27:31.630] handle_popup_input: key=KeyEvent { code: Up, modifiers: KeyModifiers(0x0), kind: Press, state: KeyEventState(0x0) }
[2025-11-18 14:27:31.631] Popup state: Executing
[2025-11-18 14:27:31.746] handle_popup_input: key=KeyEvent { code: Up, modifiers: KeyModifiers(0x0), kind: Press, state: KeyEventState(0x0) }
[2025-11-18 14:27:31.746] Popup state: Executing
[2025-11-18 14:27:31.855] handle_popup_input: key=KeyEvent { code: Up, modifiers: KeyModifiers(0x0), kind: Press, state: KeyEventState(0x0) }
[2025-11-18 14:27:31.855] Popup state: Executing
[2025-11-18 14:27:32.103] handle_popup_input: key=KeyEvent { code: Down, modifiers: KeyModifiers(0x0), kind: Press, state: KeyEventState(0x0) }
[2025-11-18 14:27:32.103] Popup state: Executing
[2025-11-18 14:27:32.134] handle_popup_input: key=KeyEvent { code: Down, modifiers: KeyModifiers(0x0), kind: Press, state: KeyEventState(0x0) }
[2025-11-18 14:27:32.134] Popup state: Executing
[2025-11-18 14:27:32.164] handle_popup_input: key=KeyEvent { code: Down, modifiers: KeyModifiers(0x0), kind: Press, state: KeyEventState(0x0) }
[2025-11-18 14:27:32.164] Popup state: Executing
[2025-11-18 14:27:32.230] handle_popup_input: key=KeyEvent { code: Down, modifiers: KeyModifiers(0x0), kind: Press, state: KeyEventState(0x0) }
[2025-11-18 14:27:32.231] Popup state: Executing
[2025-11-18 14:27:32.872] handle_popup_input: key=KeyEvent { code: Up, modifiers: KeyModifiers(0x0), kind: Press, state: KeyEventState(0x0) }
[2025-11-18 14:27:32.872] Popup state: Executing
[2025-11-18 14:27:33.100] handle_popup_input: key=KeyEvent { code: Up, modifiers: KeyModifiers(0x0), kind: Press, state: KeyEventState(0x0) }
[2025-11-18 14:27:33.100] Popup state: Executing
[2025-11-18 14:27:33.261] handle_popup_input: key=KeyEvent { code: Up, modifiers: KeyModifiers(0x0), kind: Press, state: KeyEventState(0x0) }
[2025-11-18 14:27:33.261] Popup state: Executing
[2025-11-18 14:27:33.412] handle_popup_input: key=KeyEvent { code: Up, modifiers: KeyModifiers(0x0), kind: Press, state: KeyEventState(0x0) }
[2025-11-18 14:27:33.412] Popup state: Executing
[2025-11-18 14:27:33.564] handle_popup_input: key=KeyEvent { code: Up, modifiers: KeyModifiers(0x0), kind: Press, state: KeyEventState(0x0) }
[2025-11-18 14:27:33.564] Popup state: Executing
[2025-11-18 14:27:33.701] handle_popup_input: key=KeyEvent { code: Up, modifiers: KeyModifiers(0x0), kind: Press, state: KeyEventState(0x0) }
[2025-11-18 14:27:33.701] Popup state: Executing
[2025-11-18 14:27:33.838] handle_popup_input: key=KeyEvent { code: Up, modifiers: KeyModifiers(0x0), kind: Press, state: KeyEventState(0x0) }
[2025-11-18 14:27:33.838] Popup state: Executing
[2025-11-18 14:27:33.974] handle_popup_input: key=KeyEvent { code: Up, modifiers: KeyModifiers(0x0), kind: Press, state: KeyEventState(0x0) }
[2025-11-18 14:27:33.975] Popup state: Executing
[2025-11-18 14:27:34.115] handle_popup_input: key=KeyEvent { code: Up, modifiers: KeyModifiers(0x0), kind: Press, state: KeyEventState(0x0) }
[2025-11-18 14:27:34.115] Popup state: Executing
[2025-11-18 14:27:34.245] handle_popup_input: key=KeyEvent { code: Up, modifiers: KeyModifiers(0x0), kind: Press, state: KeyEventState(0x0) }
[2025-11-18 14:27:34.245] Popup state: Executing
[2025-11-18 14:27:34.383] handle_popup_input: key=KeyEvent { code: Up, modifiers: KeyModifiers(0x0), kind: Press, state: KeyEventState(0x0) }
[2025-11-18 14:27:34.383] Popup state: Executing
[2025-11-18 14:27:34.517] handle_popup_input: key=KeyEvent { code: Up, modifiers: KeyModifiers(0x0), kind: Press, state: KeyEventState(0x0) }
[2025-11-18 14:27:34.517] Popup state: Executing
[2025-11-18 14:27:34.652] handle_popup_input: key=KeyEvent { code: Up, modifiers: KeyModifiers(0x0), kind: Press, state: KeyEventState(0x0) }
[2025-11-18 14:27:34.652] Popup state: Executing
[2025-11-18 14:27:34.792] handle_popup_input: key=KeyEvent { code: Up, modifiers: KeyModifiers(0x0), kind: Press, state: KeyEventState(0x0) }
[2025-11-18 14:27:34.792] Popup state: Executing
[2025-11-18 14:27:34.934] handle_popup_input: key=KeyEvent { code: Up, modifiers: KeyModifiers(0x0), kind: Press, state: KeyEventState(0x0) }
[2025-11-18 14:27:34.934] Popup state: Executing
[2025-11-18 14:27:35.072] handle_popup_input: key=KeyEvent { code: Up, modifiers: KeyModifiers(0x0), kind: Press, state: KeyEventState(0x0) }
[2025-11-18 14:27:35.072] Popup state: Executing
[2025-11-18 14:27:35.207] handle_popup_input: key=KeyEvent { code: Up, modifiers: KeyModifiers(0x0), kind: Press, state: KeyEventState(0x0) }
[2025-11-18 14:27:35.207] Popup state: Executing
[2025-11-18 14:27:35.349] handle_popup_input: key=KeyEvent { code: Up, modifiers: KeyModifiers(0x0), kind: Press, state: KeyEventState(0x0) }
[2025-11-18 14:27:35.349] Popup state: Executing
[2025-11-18 14:27:35.483] handle_popup_input: key=KeyEvent { code: Up, modifiers: KeyModifiers(0x0), kind: Press, state: KeyEventState(0x0) }
[2025-11-18 14:27:35.484] Popup state: Executing
[2025-11-18 14:27:35.624] handle_popup_input: key=KeyEvent { code: Up, modifiers: KeyModifiers(0x0), kind: Press, state: KeyEventState(0x0) }
[2025-11-18 14:27:35.624] Popup state: Executing
[2025-11-18 14:27:35.760] handle_popup_input: key=KeyEvent { code: Up, modifiers: KeyModifiers(0x0), kind: Press, state: KeyEventState(0x0) }
[2025-11-18 14:27:35.760] Popup state: Executing
[2025-11-18 14:27:35.898] handle_popup_input: key=KeyEvent { code: Up, modifiers: KeyModifiers(0x0), kind: Press, state: KeyEventState(0x0) }
[2025-11-18 14:27:35.898] Popup state: Executing
[2025-11-18 14:27:36.053] handle_popup_input: key=KeyEvent { code: Up, modifiers: KeyModifiers(0x0), kind: Press, state: KeyEventState(0x0) }
[2025-11-18 14:27:36.053] Popup state: Executing
[2025-11-18 14:27:36.316] handle_popup_input: key=KeyEvent { code: Up, modifiers: KeyModifiers(0x0), kind: Press, state: KeyEventState(0x0) }
[2025-11-18 14:27:36.316] Popup state: Executing
[2025-11-18 14:27:36.464] handle_popup_input: key=KeyEvent { code: Up, modifiers: KeyModifiers(0x0), kind: Press, state: KeyEventState(0x0) }
[2025-11-18 14:27:36.465] Popup state: Executing
[2025-11-18 14:27:36.602] handle_popup_input: key=KeyEvent { code: Up, modifiers: KeyModifiers(0x0), kind: Press, state: KeyEventState(0x0) }
[2025-11-18 14:27:36.602] Popup state: Executing
[2025-11-18 14:27:36.759] handle_popup_input: key=KeyEvent { code: Up, modifiers: KeyModifiers(0x0), kind: Press, state: KeyEventState(0x0) }
[2025-11-18 14:27:36.759] Popup state: Executing
[2025-11-18 14:27:37.468] handle_popup_input: key=KeyEvent { code: Up, modifiers: KeyModifiers(0x0), kind: Press, state: KeyEventState(0x0) }
[2025-11-18 14:27:37.469] Popup state: Executing
[2025-11-18 14:27:39.389] handle_popup_input: key=KeyEvent { code: Up, modifiers: KeyModifiers(0x0), kind: Press, state: KeyEventState(0x0) }
[2025-11-18 14:27:39.389] Popup state: Executing
[2025-11-18 14:27:39.580] handle_popup_input: key=KeyEvent { code: Up, modifiers: KeyModifiers(0x0), kind: Press, state: KeyEventState(0x0) }
[2025-11-18 14:27:39.580] Popup state: Executing
[2025-11-18 14:27:39.754] handle_popup_input: key=KeyEvent { code: Up, modifiers: KeyModifiers(0x0), kind: Press, state: KeyEventState(0x0) }
[2025-11-18 14:27:39.754] Popup state: Executing
[2025-11-18 14:27:39.926] handle_popup_input: key=KeyEvent { code: Up, modifiers: KeyModifiers(0x0), kind: Press, state: KeyEventState(0x0) }
[2025-11-18 14:27:39.926] Popup state: Executing
[2025-11-18 14:27:40.089] handle_popup_input: key=KeyEvent { code: Up, modifiers: KeyModifiers(0x0), kind: Press, state: KeyEventState(0x0) }
[2025-11-18 14:27:40.089] Popup state: Executing
[2025-11-18 14:27:40.250] handle_popup_input: key=KeyEvent { code: Up, modifiers: KeyModifiers(0x0), kind: Press, state: KeyEventState(0x0) }
[2025-11-18 14:27:40.250] Popup state: Executing
[2025-11-18 14:27:40.398] handle_popup_input: key=KeyEvent { code: Up, modifiers: KeyModifiers(0x0), kind: Press, state: KeyEventState(0x0) }
[2025-11-18 14:27:40.398] Popup state: Executing
[2025-11-18 14:27:40.549] handle_popup_input: key=KeyEvent { code: Up, modifiers: KeyModifiers(0x0), kind: Press, state: KeyEventState(0x0) }
[2025-11-18 14:27:40.549] Popup state: Executing
[2025-11-18 14:27:40.705] handle_popup_input: key=KeyEvent { code: Up, modifiers: KeyModifiers(0x0), kind: Press, state: KeyEventState(0x0) }
[2025-11-18 14:27:40.705] Popup state: Executing
[2025-11-18 14:27:41.134] handle_popup_input: key=KeyEvent { code: Up, modifiers: KeyModifiers(0x0), kind: Press, state: KeyEventState(0x0) }
[2025-11-18 14:27:41.134] Popup state: Executing
[2025-11-18 14:27:41.511] handle_popup_input: key=KeyEvent { code: Up, modifiers: KeyModifiers(0x0), kind: Press, state: KeyEventState(0x0) }
[2025-11-18 14:27:41.511] Popup state: Executing
[2025-11-18 14:27:41.848] handle_popup_input: key=KeyEvent { code: Up, modifiers: KeyModifiers(0x0), kind: Press, state: KeyEventState(0x0) }
[2025-11-18 14:27:41.848] Popup state: Executing
[2025-11-18 14:27:42.029] handle_popup_input: key=KeyEvent { code: Up, modifiers: KeyModifiers(0x0), kind: Press, state: KeyEventState(0x0) }
[2025-11-18 14:27:42.029] Popup state: Executing
[2025-11-18 14:27:42.166] handle_popup_input: key=KeyEvent { code: Up, modifiers: KeyModifiers(0x0), kind: Press, state: KeyEventState(0x0) }
[2025-11-18 14:27:42.167] Popup state: Executing
[2025-11-18 14:27:42.318] handle_popup_input: key=KeyEvent { code: Up, modifiers: KeyModifiers(0x0), kind: Press, state: KeyEventState(0x0) }
[2025-11-18 14:27:42.318] Popup state: Executing
[2025-11-18 14:27:43.540] handle_popup_input: key=KeyEvent { code: Down, modifiers: KeyModifiers(0x0), kind: Press, state: KeyEventState(0x0) }
[2025-11-18 14:27:43.540] Popup state: Executing
[2025-11-18 14:27:43.688] handle_popup_input: key=KeyEvent { code: Down, modifiers: KeyModifiers(0x0), kind: Press, state: KeyEventState(0x0) }
[2025-11-18 14:27:43.688] Popup state: Executing
[2025-11-18 14:27:43.818] handle_popup_input: key=KeyEvent { code: Down, modifiers: KeyModifiers(0x0), kind: Press, state: KeyEventState(0x0) }
[2025-11-18 14:27:43.818] Popup state: Executing
[2025-11-18 14:31:54.475] === TUI Debug Log Started ===
[2025-11-18 14:31:54.475] TuiApp::new() called
[2025-11-18 14:31:54.481] TuiApp::run() starting
[2025-11-18 14:31:59.811] handle_popup_input: key=KeyEvent { code: Right, modifiers: KeyModifiers(0x0), kind: Press, state: KeyEventState(0x0) }
[2025-11-18 14:31:59.811] Popup state: Confirm
[2025-11-18 14:32:00.181] handle_popup_input: key=KeyEvent { code: Left, modifiers: KeyModifiers(0x0), kind: Press, state: KeyEventState(0x0) }
[2025-11-18 14:32:00.182] Popup state: Confirm
[2025-11-18 14:32:00.472] handle_popup_input: key=KeyEvent { code: Right, modifiers: KeyModifiers(0x0), kind: Press, state: KeyEventState(0x0) }
[2025-11-18 14:32:00.472] Popup state: Confirm
[2025-11-18 14:32:00.636] handle_popup_input: key=KeyEvent { code: Left, modifiers: KeyModifiers(0x0), kind: Press, state: KeyEventState(0x0) }
[2025-11-18 14:32:00.636] Popup state: Confirm
[2025-11-18 14:32:01.272] handle_popup_input: key=KeyEvent { code: Enter, modifiers: KeyModifiers(0x0), kind: Press, state: KeyEventState(0x0) }
[2025-11-18 14:32:01.272] Popup state: Confirm
[2025-11-18 14:32:01.272] Enter pressed - executing command
[2025-11-18 14:32:01.272] execute_command_from_popup called
[2025-11-18 14:32:01.272] Sending command request: CommandRequest { app_name: "luce-api", project: "luce", environment: "local", command_type: Start }
[2025-11-18 14:32:01.272] Popup set to executing state
[2025-11-18 14:32:01.272] Command sent to background task
[2025-11-18 14:32:01.272] execute_command_async: Starting command
[2025-11-18 14:32:42.906] handle_popup_input: key=KeyEvent { code: Up, modifiers: KeyModifiers(0x0), kind: Press, state: KeyEventState(0x0) }
[2025-11-18 14:32:42.906] Popup state: Executing
[2025-11-18 14:32:43.815] handle_popup_input: key=KeyEvent { code: Down, modifiers: KeyModifiers(0x0), kind: Press, state: KeyEventState(0x0) }
[2025-11-18 14:32:43.815] Popup state: Executing
[2025-11-18 14:32:44.194] handle_popup_input: key=KeyEvent { code: Up, modifiers: KeyModifiers(0x0), kind: Press, state: KeyEventState(0x0) }
[2025-11-18 14:32:44.194] Popup state: Executing
[2025-11-18 14:32:44.367] handle_popup_input: key=KeyEvent { code: Up, modifiers: KeyModifiers(0x0), kind: Press, state: KeyEventState(0x0) }
[2025-11-18 14:32:44.367] Popup state: Executing
[2025-11-18 14:32:44.495] handle_popup_input: key=KeyEvent { code: Up, modifiers: KeyModifiers(0x0), kind: Press, state: KeyEventState(0x0) }
[2025-11-18 14:32:44.495] Popup state: Executing
[2025-11-18 14:32:44.626] handle_popup_input: key=KeyEvent { code: Up, modifiers: KeyModifiers(0x0), kind: Press, state: KeyEventState(0x0) }
[2025-11-18 14:32:44.626] Popup state: Executing
[2025-11-18 14:33:05.820] handle_popup_input: key=KeyEvent { code: Esc, modifiers: KeyModifiers(0x0), kind: Press, state: KeyEventState(0x0) }
[2025-11-18 14:33:05.820] Popup state: Executing
[2025-11-18 14:33:05.820] Esc pressed - closing executing popup
[2025-11-18 14:33:07.996] execute_command_async: Starting command
[2025-11-18 14:33:08.542] execute_command_async: Stop command finished
[2025-11-18 14:33:08.616] Received Success
[2025-11-18 14:33:09.252] handle_popup_input: key=KeyEvent { code: Esc, modifiers: KeyModifiers(0x0), kind: Press, state: KeyEventState(0x0) }
[2025-11-18 14:33:09.252] Popup state: Executing
[2025-11-18 14:33:09.252] Esc pressed - closing executing popup
[2025-11-18 14:33:16.904] handle_popup_input: key=KeyEvent { code: Enter, modifiers: KeyModifiers(0x0), kind: Press, state: KeyEventState(0x0) }
[2025-11-18 14:33:16.904] Popup state: Confirm
[2025-11-18 14:33:16.904] Enter pressed - executing command
[2025-11-18 14:33:16.904] execute_command_from_popup called
[2025-11-18 14:33:16.905] Sending command request: CommandRequest { app_name: "luce-api", project: "luce", environment: "lint", command_type: Run }
[2025-11-18 14:33:16.905] Popup set to executing state
[2025-11-18 14:33:16.905] Command sent to background task
[2025-11-18 14:33:16.905] execute_command_async: Starting command
[2025-11-18 14:33:18.931] execute_command_async: Run command finished
[2025-11-18 14:33:18.948] Received Success
[2025-11-18 14:40:37.858] === TUI Debug Log Started ===
[2025-11-18 14:40:37.860] TuiApp::new() called
[2025-11-18 14:40:37.867] TuiApp::run() starting
[2025-11-18 14:40:43.261] handle_popup_input: key=KeyEvent { code: Enter, modifiers: KeyModifiers(0x0), kind: Press, state: KeyEventState(0x0) }
[2025-11-18 14:40:43.261] Popup state: Confirm
[2025-11-18 14:40:43.261] Enter pressed - executing command
[2025-11-18 14:40:43.261] execute_command_from_popup called
[2025-11-18 14:40:43.261] Sending command request: CommandRequest { app_name: "luce-api", project: "luce", environment: "local", command_type: Start }
[2025-11-18 14:40:43.262] Popup set to executing state
[2025-11-18 14:40:43.262] Command sent to background task
[2025-11-18 14:40:43.262] execute_command_async: Starting command
[2025-11-18 14:41:29.483] handle_popup_input: key=KeyEvent { code: Up, modifiers: KeyModifiers(0x0), kind: Press, state: KeyEventState(0x0) }
[2025-11-18 14:41:29.483] Popup state: Executing
[2025-11-18 14:41:29.878] handle_popup_input: key=KeyEvent { code: Up, modifiers: KeyModifiers(0x0), kind: Press, state: KeyEventState(0x0) }
[2025-11-18 14:41:29.878] Popup state: Executing
[2025-11-18 14:41:30.071] handle_popup_input: key=KeyEvent { code: Up, modifiers: KeyModifiers(0x0), kind: Press, state: KeyEventState(0x0) }
[2025-11-18 14:41:30.071] Popup state: Executing
[2025-11-18 14:41:30.227] handle_popup_input: key=KeyEvent { code: Up, modifiers: KeyModifiers(0x0), kind: Press, state: KeyEventState(0x0) }
[2025-11-18 14:41:30.227] Popup state: Executing
[2025-11-18 14:41:30.373] handle_popup_input: key=KeyEvent { code: Up, modifiers: KeyModifiers(0x0), kind: Press, state: KeyEventState(0x0) }
[2025-11-18 14:41:30.373] Popup state: Executing
[2025-11-18 14:41:30.513] handle_popup_input: key=KeyEvent { code: Up, modifiers: KeyModifiers(0x0), kind: Press, state: KeyEventState(0x0) }
[2025-11-18 14:41:30.513] Popup state: Executing
[2025-11-18 14:41:30.672] handle_popup_input: key=KeyEvent { code: Up, modifiers: KeyModifiers(0x0), kind: Press, state: KeyEventState(0x0) }
[2025-11-18 14:41:30.672] Popup state: Executing
[2025-11-18 14:41:30.806] handle_popup_input: key=KeyEvent { code: Up, modifiers: KeyModifiers(0x0), kind: Press, state: KeyEventState(0x0) }
[2025-11-18 14:41:30.806] Popup state: Executing
[2025-11-18 14:41:30.949] handle_popup_input: key=KeyEvent { code: Up, modifiers: KeyModifiers(0x0), kind: Press, state: KeyEventState(0x0) }
[2025-11-18 14:41:30.949] Popup state: Executing
[2025-11-18 14:41:31.082] handle_popup_input: key=KeyEvent { code: Up, modifiers: KeyModifiers(0x0), kind: Press, state: KeyEventState(0x0) }
[2025-11-18 14:41:31.082] Popup state: Executing
[2025-11-18 14:41:31.230] handle_popup_input: key=KeyEvent { code: Up, modifiers: KeyModifiers(0x0), kind: Press, state: KeyEventState(0x0) }
[2025-11-18 14:41:31.230] Popup state: Executing
[2025-11-18 14:41:31.380] handle_popup_input: key=KeyEvent { code: Up, modifiers: KeyModifiers(0x0), kind: Press, state: KeyEventState(0x0) }
[2025-11-18 14:41:31.380] Popup state: Executing
[2025-11-18 14:41:31.624] handle_popup_input: key=KeyEvent { code: Up, modifiers: KeyModifiers(0x0), kind: Press, state: KeyEventState(0x0) }
[2025-11-18 14:41:31.624] Popup state: Executing
[2025-11-18 14:41:31.784] handle_popup_input: key=KeyEvent { code: Up, modifiers: KeyModifiers(0x0), kind: Press, state: KeyEventState(0x0) }
[2025-11-18 14:41:31.784] Popup state: Executing
[2025-11-18 14:41:31.937] handle_popup_input: key=KeyEvent { code: Up, modifiers: KeyModifiers(0x0), kind: Press, state: KeyEventState(0x0) }
[2025-11-18 14:41:31.940] Popup state: Executing
[2025-11-18 14:41:32.088] handle_popup_input: key=KeyEvent { code: Up, modifiers: KeyModifiers(0x0), kind: Press, state: KeyEventState(0x0) }
[2025-11-18 14:41:32.088] Popup state: Executing
[2025-11-18 14:41:32.222] handle_popup_input: key=KeyEvent { code: Up, modifiers: KeyModifiers(0x0), kind: Press, state: KeyEventState(0x0) }
[2025-11-18 14:41:32.222] Popup state: Executing
[2025-11-18 14:41:33.077] handle_popup_input: key=KeyEvent { code: Esc, modifiers: KeyModifiers(0x0), kind: Press, state: KeyEventState(0x0) }
[2025-11-18 14:41:33.077] Popup state: Executing
[2025-11-18 14:41:33.077] Esc pressed - closing executing popup
[2025-11-18 14:41:34.197] execute_command_async: Starting command
[2025-11-18 14:41:34.739] execute_command_async: Stop command finished
[2025-11-18 14:41:34.822] Received Success
[2025-11-18 14:41:35.912] handle_popup_input: key=KeyEvent { code: Esc, modifiers: KeyModifiers(0x0), kind: Press, state: KeyEventState(0x0) }
[2025-11-18 14:41:35.912] Popup state: Executing
[2025-11-18 14:41:35.912] Esc pressed - closing executing popup
[2025-11-18 14:43:08.139] === TUI Debug Log Started ===
[2025-11-18 14:43:08.140] TuiApp::new() called
[2025-11-18 14:43:08.147] TuiApp::run() starting
[2025-11-18 14:43:13.739] handle_popup_input: key=KeyEvent { code: Enter, modifiers: KeyModifiers(0x0), kind: Press, state: KeyEventState(0x0) }
[2025-11-18 14:43:13.739] Popup state: Confirm
[2025-11-18 14:43:13.739] Enter pressed - executing command
[2025-11-18 14:43:13.739] execute_command_from_popup called
[2025-11-18 14:43:13.739] Sending command request: CommandRequest { app_name: "luce-api", project: "luce", environment: "lint", command_type: Run }
[2025-11-18 14:43:13.739] Popup set to executing state
[2025-11-18 14:43:13.739] Command sent to background task
[2025-11-18 14:43:13.739] execute_command_async: Starting command
[2025-11-18 14:44:08.708] handle_popup_input: key=KeyEvent { code: Esc, modifiers: KeyModifiers(0x0), kind: Press, state: KeyEventState(0x0) }
[2025-11-18 14:44:08.708] Popup state: Executing
[2025-11-18 14:44:08.708] Esc pressed - closing executing popup
[2025-11-18 14:45:05.932] === TUI Debug Log Started ===
[2025-11-18 14:45:05.933] TuiApp::new() called
[2025-11-18 14:45:05.939] TuiApp::run() starting
[2025-11-18 14:48:15.332] === TUI Debug Log Started ===
[2025-11-18 14:48:15.333] TuiApp::new() called
[2025-11-18 14:48:15.341] TuiApp::run() starting
[2025-11-18 14:48:21.725] handle_popup_input: key=KeyEvent { code: Esc, modifiers: KeyModifiers(0x0), kind: Press, state: KeyEventState(0x0) }
[2025-11-18 14:48:21.725] Popup state: Confirm
[2025-11-18 14:48:21.725] Esc pressed - closing popup
[2025-11-18 14:48:31.622] handle_popup_input: key=KeyEvent { code: Esc, modifiers: KeyModifiers(0x0), kind: Press, state: KeyEventState(0x0) }
[2025-11-18 14:48:31.622] Popup state: Confirm
[2025-11-18 14:48:31.622] Esc pressed - closing popup
[2025-11-18 14:48:33.633] handle_popup_input: key=KeyEvent { code: Esc, modifiers: KeyModifiers(0x0), kind: Press, state: KeyEventState(0x0) }
[2025-11-18 14:48:33.633] Popup state: Confirm
[2025-11-18 14:48:33.633] Esc pressed - closing popup
[2025-11-18 14:48:34.589] handle_popup_input: key=KeyEvent { code: Esc, modifiers: KeyModifiers(0x0), kind: Press, state: KeyEventState(0x0) }
[2025-11-18 14:48:34.589] Popup state: Confirm
[2025-11-18 14:48:34.589] Esc pressed - closing popup
[2025-11-18 14:48:41.103] handle_popup_input: key=KeyEvent { code: Esc, modifiers: KeyModifiers(0x0), kind: Press, state: KeyEventState(0x0) }
[2025-11-18 14:48:41.103] Popup state: Confirm
[2025-11-18 14:48:41.103] Esc pressed - closing popup
[2025-11-18 14:54:34.049] handle_popup_input: key=KeyEvent { code: Enter, modifiers: KeyModifiers(0x0), kind: Press, state: KeyEventState(0x0) }
[2025-11-18 14:54:34.050] Popup state: Confirm
[2025-11-18 14:54:34.050] Enter pressed - executing command
[2025-11-18 14:54:34.050] execute_command_from_popup called
[2025-11-18 14:54:34.050] Sending command request: CommandRequest { app_name: "luce-api", project: "luce", environment: "local", command_type: Start }
[2025-11-18 14:54:34.050] Popup set to executing state
[2025-11-18 14:54:34.050] Command sent to background task
[2025-11-18 14:54:34.050] execute_command_async: Starting command
[2025-11-18 14:54:44.522] handle_popup_input: key=KeyEvent { code: Esc, modifiers: KeyModifiers(0x0), kind: Press, state: KeyEventState(0x0) }
[2025-11-18 14:54:44.523] Popup state: Executing
[2025-11-18 14:54:44.523] Esc pressed - closing executing popup
[2025-11-18 17:55:42.396] === TUI Debug Log Started ===
[2025-11-18 17:55:42.397] TuiApp::new() called
[2025-11-18 17:55:42.405] TuiApp::run() starting
[2025-11-18 17:55:50.131] execute_command_async: Starting command
[2025-11-18 17:55:50.673] execute_command_async: Stop command finished
[2025-11-18 17:55:50.771] Received Success
[2025-11-18 17:55:51.575] handle_popup_input: key=KeyEvent { code: Esc, modifiers: KeyModifiers(0x0), kind: Press, state: KeyEventState(0x0) }
[2025-11-18 17:55:51.575] Popup state: Executing
[2025-11-18 17:55:51.575] Esc pressed - closing executing popup
[2025-11-18 18:04:54.138] === TUI Debug Log Started ===
[2025-11-18 18:04:54.139] TuiApp::new() called
[2025-11-18 18:04:54.145] TuiApp::run() starting
[2025-11-18 18:05:52.360] === TUI Debug Log Started ===
[2025-11-18 18:05:52.361] TuiApp::new() called
[2025-11-18 18:05:52.368] TuiApp::run() starting
[2025-11-18 18:11:19.359] === TUI Debug Log Started ===
[2025-11-18 18:11:19.360] TuiApp::new() called
[2025-11-18 18:11:19.366] TuiApp::run() starting
[2025-11-18 18:14:58.704] === TUI Debug Log Started ===
[2025-11-18 18:14:58.707] TuiApp::new() called
[2025-11-18 18:14:58.713] TuiApp::run() starting
[2025-11-18 18:18:22.762] === TUI Debug Log Started ===
[2025-11-18 18:18:22.762] TuiApp::new() called
[2025-11-18 18:18:22.770] TuiApp::run() starting
[2025-11-18 18:22:51.349] === TUI Debug Log Started ===
[2025-11-18 18:22:51.349] TuiApp::new() called
[2025-11-18 18:22:51.355] TuiApp::run() starting
[2025-11-18 18:24:54.574] === TUI Debug Log Started ===
[2025-11-18 18:24:54.576] TuiApp::new() called
[2025-11-18 18:24:54.597] TuiApp::run() starting
[2025-11-18 18:26:39.862] handle_popup_input: key=KeyEvent { code: Enter, modifiers: KeyModifiers(0x0), kind: Press, state: KeyEventState(0x0) }
[2025-11-18 18:26:39.863] Popup state: Confirm
[2025-11-18 18:26:39.863] Enter pressed - executing command
[2025-11-18 18:26:39.863] execute_command_from_popup called
[2025-11-18 18:26:39.863] Sending command request: CommandRequest { app_name: "luce-api", project: "luce", environment: "run", command_type: Run }
[2025-11-18 18:26:39.864] Popup set to executing state
[2025-11-18 18:26:39.864] Command sent to background task
[2025-11-18 18:26:39.864] execute_command_async: Starting command
[2025-11-18 18:26:39.976] Received Error: Run command failed with status: exit status: 1
[2025-11-18 18:26:44.911] handle_popup_input: key=KeyEvent { code: Enter, modifiers: KeyModifiers(0x0), kind: Press, state: KeyEventState(0x0) }
[2025-11-18 18:26:44.911] Popup state: Error("Run command failed with status: exit status: 1")
[2025-11-18 18:26:50.378] handle_popup_input: key=KeyEvent { code: Esc, modifiers: KeyModifiers(0x0), kind: Press, state: KeyEventState(0x0) }
[2025-11-18 18:26:50.378] Popup state: Confirm
[2025-11-18 18:26:50.378] Esc pressed - closing popup
[2025-11-18 18:27:00.899] handle_popup_input: key=KeyEvent { code: Backspace, modifiers: KeyModifiers(0x0), kind: Press, state: KeyEventState(0x0) }
[2025-11-18 18:27:00.899] Popup state: Confirm
[2025-11-18 18:27:00.899] Other key pressed: Backspace
[2025-11-18 18:27:01.553] handle_popup_input: key=KeyEvent { code: Esc, modifiers: KeyModifiers(0x0), kind: Press, state: KeyEventState(0x0) }
[2025-11-18 18:27:01.553] Popup state: Confirm
[2025-11-18 18:27:01.553] Esc pressed - closing popup
[2025-11-18 18:27:06.288] handle_popup_input: key=KeyEvent { code: Esc, modifiers: KeyModifiers(0x0), kind: Press, state: KeyEventState(0x0) }
[2025-11-18 18:27:06.288] Popup state: Confirm
[2025-11-18 18:27:06.288] Esc pressed - closing popup
[2025-11-18 18:31:08.043] === TUI Debug Log Started ===
[2025-11-18 18:31:08.044] TuiApp::new() called
[2025-11-18 18:31:08.052] TuiApp::run() starting
[2025-11-18 18:31:14.470] handle_popup_input: key=KeyEvent { code: Esc, modifiers: KeyModifiers(0x0), kind: Press, state: KeyEventState(0x0) }
[2025-11-18 18:31:14.470] Popup state: Confirm
[2025-11-18 18:31:14.470] Esc pressed - closing popup
[2025-11-18 18:31:17.898] handle_popup_input: key=KeyEvent { code: Esc, modifiers: KeyModifiers(0x0), kind: Press, state: KeyEventState(0x0) }
[2025-11-18 18:31:17.898] Popup state: Confirm
[2025-11-18 18:31:17.898] Esc pressed - closing popup
[2025-11-18 18:31:20.603] handle_popup_input: key=KeyEvent { code: Enter, modifiers: KeyModifiers(0x0), kind: Press, state: KeyEventState(0x0) }
[2025-11-18 18:31:20.603] Popup state: Confirm
[2025-11-18 18:31:20.603] Enter pressed - executing command
[2025-11-18 18:31:20.603] execute_command_from_popup called
[2025-11-18 18:31:20.603] Sending command request: CommandRequest { app_name: "luce-api", project: "luce", environment: "orbstack", command_type: Run }
[2025-11-18 18:31:20.603] Popup set to executing state
[2025-11-18 18:31:20.603] Command sent to background task
[2025-11-18 18:31:20.603] execute_command_async: Starting command
[2025-11-18 18:31:20.718] Received Error: Run command failed with status: exit status: 1
[2025-11-18 18:32:18.403] handle_popup_input: key=KeyEvent { code: Esc, modifiers: KeyModifiers(0x0), kind: Press, state: KeyEventState(0x0) }
[2025-11-18 18:32:18.403] Popup state: Error("Run command failed with status: exit status: 1")
[2025-11-18 18:32:21.028] handle_popup_input: key=KeyEvent { code: Enter, modifiers: KeyModifiers(0x0), kind: Press, state: KeyEventState(0x0) }
[2025-11-18 18:32:21.028] Popup state: Confirm
[2025-11-18 18:32:21.028] Enter pressed - executing command
[2025-11-18 18:32:21.028] execute_command_from_popup called
[2025-11-18 18:32:21.028] Sending command request: CommandRequest { app_name: "luce-api", project: "luce", environment: "docker", command_type: Run }
[2025-11-18 18:32:21.028] Popup set to executing state
[2025-11-18 18:32:21.028] Command sent to background task
[2025-11-18 18:32:21.028] execute_command_async: Starting command
[2025-11-18 18:32:21.139] Received Error: Run command failed with status: exit status: 1
[2025-11-18 18:32:34.284] handle_popup_input: key=KeyEvent { code: Esc, modifiers: KeyModifiers(0x0), kind: Press, state: KeyEventState(0x0) }
[2025-11-18 18:32:34.285] Popup state: Error("Run command failed with status: exit status: 1")
[2025-11-18 18:32:37.820] handle_popup_input: key=KeyEvent { code: Enter, modifiers: KeyModifiers(0x0), kind: Press, state: KeyEventState(0x0) }
[2025-11-18 18:32:37.823] Popup state: Confirm
[2025-11-18 18:32:37.823] Enter pressed - executing command
[2025-11-18 18:32:37.823] execute_command_from_popup called
[2025-11-18 18:32:37.823] Sending command request: CommandRequest { app_name: "luce-api", project: "luce", environment: "local", command_type: Run }
[2025-11-18 18:32:37.823] Popup set to executing state
[2025-11-18 18:32:37.823] Command sent to background task
[2025-11-18 18:32:37.823] execute_command_async: Starting command
[2025-11-18 18:32:37.934] Received Error: Run command failed with status: exit status: 1
[2025-11-18 21:37:48.519] === TUI Debug Log Started ===
[2025-11-18 21:37:48.520] TuiApp::new() called
[2025-11-18 21:37:48.528] TuiApp::run() starting
[2025-11-18 21:38:02.541] handle_popup_input: key=KeyEvent { code: Enter, modifiers: KeyModifiers(0x0), kind: Press, state: KeyEventState(0x0) }
[2025-11-18 21:38:02.541] Popup state: Confirm
[2025-11-18 21:38:02.541] Enter pressed - executing command
[2025-11-18 21:38:02.541] execute_command_from_popup called
[2025-11-18 21:38:02.541] Sending command request: CommandRequest { app_name: "luce-api", project: "luce", environment: "orbstack:run", command_type: Run }
[2025-11-18 21:38:02.541] Popup set to executing state
[2025-11-18 21:38:02.541] Command sent to background task
[2025-11-18 21:38:02.541] execute_command_async: Starting command
[2025-11-18 21:38:04.589] execute_command_async: Run command finished
[2025-11-18 21:38:04.606] Received Success
[2025-11-18 21:38:25.979] handle_popup_input: key=KeyEvent { code: Esc, modifiers: KeyModifiers(0x0), kind: Press, state: KeyEventState(0x0) }
[2025-11-18 21:38:25.980] Popup state: Executing
[2025-11-18 21:38:25.980] Esc pressed - closing executing popup
[2025-11-18 21:43:47.618] handle_popup_input: key=KeyEvent { code: Enter, modifiers: KeyModifiers(0x0), kind: Press, state: KeyEventState(0x0) }
[2025-11-18 21:43:47.618] Popup state: Confirm
[2025-11-18 21:43:47.618] Enter pressed - executing command
[2025-11-18 21:43:47.618] execute_command_from_popup called
[2025-11-18 21:43:47.618] Sending command request: CommandRequest { app_name: "luce-api", project: "luce", environment: "orbstack:build", command_type: Run }
[2025-11-18 21:43:47.618] Popup set to executing state
[2025-11-18 21:43:47.618] Command sent to background task
[2025-11-18 21:43:47.618] execute_command_async: Starting command
[2025-11-18 21:47:14.125] handle_popup_input: key=KeyEvent { code: Down, modifiers: KeyModifiers(0x0), kind: Press, state: KeyEventState(0x0) }
[2025-11-18 21:47:14.125] Popup state: Executing
[2025-11-18 21:47:14.156] handle_popup_input: key=KeyEvent { code: Down, modifiers: KeyModifiers(0x0), kind: Press, state: KeyEventState(0x0) }
[2025-11-18 21:47:14.156] Popup state: Executing
[2025-11-18 21:47:14.186] handle_popup_input: key=KeyEvent { code: Down, modifiers: KeyModifiers(0x0), kind: Press, state: KeyEventState(0x0) }
[2025-11-18 21:47:14.186] Popup state: Executing
[2025-11-18 21:47:14.235] handle_popup_input: key=KeyEvent { code: Down, modifiers: KeyModifiers(0x0), kind: Press, state: KeyEventState(0x0) }
[2025-11-18 21:47:14.235] Popup state: Executing
[2025-11-18 21:47:14.691] handle_popup_input: key=KeyEvent { code: Down, modifiers: KeyModifiers(0x0), kind: Press, state: KeyEventState(0x0) }
[2025-11-18 21:47:14.691] Popup state: Executing
[2025-11-18 21:47:14.717] handle_popup_input: key=KeyEvent { code: Down, modifiers: KeyModifiers(0x0), kind: Press, state: KeyEventState(0x0) }
[2025-11-18 21:47:14.718] Popup state: Executing
[2025-11-18 21:47:14.749] handle_popup_input: key=KeyEvent { code: Down, modifiers: KeyModifiers(0x0), kind: Press, state: KeyEventState(0x0) }
[2025-11-18 21:47:14.749] Popup state: Executing
[2025-11-18 21:47:14.767] handle_popup_input: key=KeyEvent { code: Down, modifiers: KeyModifiers(0x0), kind: Press, state: KeyEventState(0x0) }
[2025-11-18 21:47:14.767] Popup state: Executing
[2025-11-18 21:47:14.778] handle_popup_input: key=KeyEvent { code: Down, modifiers: KeyModifiers(0x0), kind: Press, state: KeyEventState(0x0) }
[2025-11-18 21:47:14.778] Popup state: Executing
[2025-11-18 21:47:14.789] handle_popup_input: key=KeyEvent { code: Down, modifiers: KeyModifiers(0x0), kind: Press, state: KeyEventState(0x0) }
[2025-11-18 21:47:14.789] Popup state: Executing
[2025-11-18 21:47:14.825] handle_popup_input: key=KeyEvent { code: Down, modifiers: KeyModifiers(0x0), kind: Press, state: KeyEventState(0x0) }
[2025-11-18 21:47:14.825] Popup state: Executing
[2025-11-18 21:47:15.070] handle_popup_input: key=KeyEvent { code: Down, modifiers: KeyModifiers(0x0), kind: Press, state: KeyEventState(0x0) }
[2025-11-18 21:47:15.070] Popup state: Executing
[2025-11-18 21:47:15.081] handle_popup_input: key=KeyEvent { code: Down, modifiers: KeyModifiers(0x0), kind: Press, state: KeyEventState(0x0) }
[2025-11-18 21:47:15.081] Popup state: Executing
[2025-11-18 21:47:15.101] handle_popup_input: key=KeyEvent { code: Down, modifiers: KeyModifiers(0x0), kind: Press, state: KeyEventState(0x0) }
[2025-11-18 21:47:15.101] Popup state: Executing
[2025-11-18 21:47:15.131] handle_popup_input: key=KeyEvent { code: Down, modifiers: KeyModifiers(0x0), kind: Press, state: KeyEventState(0x0) }
[2025-11-18 21:47:15.131] Popup state: Executing
[2025-11-18 21:47:15.164] handle_popup_input: key=KeyEvent { code: Down, modifiers: KeyModifiers(0x0), kind: Press, state: KeyEventState(0x0) }
[2025-11-18 21:47:15.164] Popup state: Executing
[2025-11-18 21:47:15.175] handle_popup_input: key=KeyEvent { code: Down, modifiers: KeyModifiers(0x0), kind: Press, state: KeyEventState(0x0) }
[2025-11-18 21:47:15.175] Popup state: Executing
[2025-11-18 21:47:15.186] handle_popup_input: key=KeyEvent { code: Down, modifiers: KeyModifiers(0x0), kind: Press, state: KeyEventState(0x0) }
[2025-11-18 21:47:15.186] Popup state: Executing
[2025-11-18 21:47:15.197] handle_popup_input: key=KeyEvent { code: Down, modifiers: KeyModifiers(0x0), kind: Press, state: KeyEventState(0x0) }
[2025-11-18 21:47:15.197] Popup state: Executing
[2025-11-18 21:47:15.434] handle_popup_input: key=KeyEvent { code: Up, modifiers: KeyModifiers(0x0), kind: Press, state: KeyEventState(0x0) }
[2025-11-18 21:47:15.434] Popup state: Executing
[2025-11-18 21:47:15.451] handle_popup_input: key=KeyEvent { code: Up, modifiers: KeyModifiers(0x0), kind: Press, state: KeyEventState(0x0) }
[2025-11-18 21:47:15.451] Popup state: Executing
[2025-11-18 21:47:15.462] handle_popup_input: key=KeyEvent { code: Up, modifiers: KeyModifiers(0x0), kind: Press, state: KeyEventState(0x0) }
[2025-11-18 21:47:15.462] Popup state: Executing
[2025-11-18 21:47:15.473] handle_popup_input: key=KeyEvent { code: Up, modifiers: KeyModifiers(0x0), kind: Press, state: KeyEventState(0x0) }
[2025-11-18 21:47:15.474] Popup state: Executing
[2025-11-18 21:47:15.485] handle_popup_input: key=KeyEvent { code: Up, modifiers: KeyModifiers(0x0), kind: Press, state: KeyEventState(0x0) }
[2025-11-18 21:47:15.485] Popup state: Executing
[2025-11-18 21:47:15.497] handle_popup_input: key=KeyEvent { code: Up, modifiers: KeyModifiers(0x0), kind: Press, state: KeyEventState(0x0) }
[2025-11-18 21:47:15.497] Popup state: Executing
[2025-11-18 21:47:15.508] handle_popup_input: key=KeyEvent { code: Up, modifiers: KeyModifiers(0x0), kind: Press, state: KeyEventState(0x0) }
[2025-11-18 21:47:15.509] Popup state: Executing
[2025-11-18 21:47:15.521] handle_popup_input: key=KeyEvent { code: Up, modifiers: KeyModifiers(0x0), kind: Press, state: KeyEventState(0x0) }
[2025-11-18 21:47:15.521] Popup state: Executing
[2025-11-18 21:47:15.533] handle_popup_input: key=KeyEvent { code: Up, modifiers: KeyModifiers(0x0), kind: Press, state: KeyEventState(0x0) }
[2025-11-18 21:47:15.533] Popup state: Executing
[2025-11-18 21:47:15.546] handle_popup_input: key=KeyEvent { code: Up, modifiers: KeyModifiers(0x0), kind: Press, state: KeyEventState(0x0) }
[2025-11-18 21:47:15.546] Popup state: Executing
[2025-11-18 21:47:15.559] handle_popup_input: key=KeyEvent { code: Up, modifiers: KeyModifiers(0x0), kind: Press, state: KeyEventState(0x0) }
[2025-11-18 21:47:15.561] Popup state: Executing
[2025-11-18 21:47:15.573] handle_popup_input: key=KeyEvent { code: Up, modifiers: KeyModifiers(0x0), kind: Press, state: KeyEventState(0x0) }
[2025-11-18 21:47:15.573] Popup state: Executing
[2025-11-18 21:47:15.762] handle_popup_input: key=KeyEvent { code: Down, modifiers: KeyModifiers(0x0), kind: Press, state: KeyEventState(0x0) }
[2025-11-18 21:47:15.762] Popup state: Executing
[2025-11-18 21:47:15.773] handle_popup_input: key=KeyEvent { code: Down, modifiers: KeyModifiers(0x0), kind: Press, state: KeyEventState(0x0) }
[2025-11-18 21:47:15.773] Popup state: Executing
[2025-11-18 21:47:15.816] handle_popup_input: key=KeyEvent { code: Down, modifiers: KeyModifiers(0x0), kind: Press, state: KeyEventState(0x0) }
[2025-11-18 21:47:15.816] Popup state: Executing
[2025-11-18 21:47:15.840] handle_popup_input: key=KeyEvent { code: Down, modifiers: KeyModifiers(0x0), kind: Press, state: KeyEventState(0x0) }
[2025-11-18 21:47:15.840] Popup state: Executing
[2025-11-18 21:47:15.851] handle_popup_input: key=KeyEvent { code: Down, modifiers: KeyModifiers(0x0), kind: Press, state: KeyEventState(0x0) }
[2025-11-18 21:47:15.851] Popup state: Executing
[2025-11-18 21:47:15.862] handle_popup_input: key=KeyEvent { code: Down, modifiers: KeyModifiers(0x0), kind: Press, state: KeyEventState(0x0) }
[2025-11-18 21:47:15.862] Popup state: Executing
[2025-11-18 21:47:15.872] handle_popup_input: key=KeyEvent { code: Down, modifiers: KeyModifiers(0x0), kind: Press, state: KeyEventState(0x0) }
[2025-11-18 21:47:15.873] Popup state: Executing
[2025-11-18 21:47:15.884] handle_popup_input: key=KeyEvent { code: Down, modifiers: KeyModifiers(0x0), kind: Press, state: KeyEventState(0x0) }
[2025-11-18 21:47:15.884] Popup state: Executing
[2025-11-18 21:47:15.895] handle_popup_input: key=KeyEvent { code: Down, modifiers: KeyModifiers(0x0), kind: Press, state: KeyEventState(0x0) }
[2025-11-18 21:47:15.895] Popup state: Executing
[2025-11-18 21:47:17.974] handle_popup_input: key=KeyEvent { code: Down, modifiers: KeyModifiers(0x0), kind: Press, state: KeyEventState(0x0) }
[2025-11-18 21:47:17.974] Popup state: Executing
[2025-11-18 21:47:18.001] handle_popup_input: key=KeyEvent { code: Down, modifiers: KeyModifiers(0x0), kind: Press, state: KeyEventState(0x0) }
[2025-11-18 21:47:18.001] Popup state: Executing
[2025-11-18 21:47:18.014] handle_popup_input: key=KeyEvent { code: Down, modifiers: KeyModifiers(0x0), kind: Press, state: KeyEventState(0x0) }
[2025-11-18 21:47:18.014] Popup state: Executing
[2025-11-18 21:47:18.025] handle_popup_input: key=KeyEvent { code: Down, modifiers: KeyModifiers(0x0), kind: Press, state: KeyEventState(0x0) }
[2025-11-18 21:47:18.025] Popup state: Executing
[2025-11-18 21:47:18.037] handle_popup_input: key=KeyEvent { code: Down, modifiers: KeyModifiers(0x0), kind: Press, state: KeyEventState(0x0) }
[2025-11-18 21:47:18.037] Popup state: Executing
[2025-11-18 21:47:18.048] handle_popup_input: key=KeyEvent { code: Down, modifiers: KeyModifiers(0x0), kind: Press, state: KeyEventState(0x0) }
[2025-11-18 21:47:18.048] Popup state: Executing
[2025-11-18 21:47:18.059] handle_popup_input: key=KeyEvent { code: Down, modifiers: KeyModifiers(0x0), kind: Press, state: KeyEventState(0x0) }
[2025-11-18 21:47:18.059] Popup state: Executing
[2025-11-18 21:47:18.070] handle_popup_input: key=KeyEvent { code: Down, modifiers: KeyModifiers(0x0), kind: Press, state: KeyEventState(0x0) }
[2025-11-18 21:47:18.070] Popup state: Executing
[2025-11-18 21:47:18.295] handle_popup_input: key=KeyEvent { code: Down, modifiers: KeyModifiers(0x0), kind: Press, state: KeyEventState(0x0) }
[2025-11-18 21:47:18.295] Popup state: Executing
[2025-11-18 21:47:18.306] handle_popup_input: key=KeyEvent { code: Down, modifiers: KeyModifiers(0x0), kind: Press, state: KeyEventState(0x0) }
[2025-11-18 21:47:18.306] Popup state: Executing
[2025-11-18 21:47:18.318] handle_popup_input: key=KeyEvent { code: Down, modifiers: KeyModifiers(0x0), kind: Press, state: KeyEventState(0x0) }
[2025-11-18 21:47:18.318] Popup state: Executing
[2025-11-18 21:47:18.329] handle_popup_input: key=KeyEvent { code: Down, modifiers: KeyModifiers(0x0), kind: Press, state: KeyEventState(0x0) }
[2025-11-18 21:47:18.329] Popup state: Executing
[2025-11-18 21:47:18.367] handle_popup_input: key=KeyEvent { code: Down, modifiers: KeyModifiers(0x0), kind: Press, state: KeyEventState(0x0) }
[2025-11-18 21:47:18.367] Popup state: Executing
[2025-11-18 21:47:18.383] handle_popup_input: key=KeyEvent { code: Down, modifiers: KeyModifiers(0x0), kind: Press, state: KeyEventState(0x0) }
[2025-11-18 21:47:18.383] Popup state: Executing
[2025-11-18 21:47:18.395] handle_popup_input: key=KeyEvent { code: Down, modifiers: KeyModifiers(0x0), kind: Press, state: KeyEventState(0x0) }
[2025-11-18 21:47:18.395] Popup state: Executing
[2025-11-18 21:47:18.407] handle_popup_input: key=KeyEvent { code: Down, modifiers: KeyModifiers(0x0), kind: Press, state: KeyEventState(0x0) }
[2025-11-18 21:47:18.407] Popup state: Executing
[2025-11-18 21:47:18.418] handle_popup_input: key=KeyEvent { code: Down, modifiers: KeyModifiers(0x0), kind: Press, state: KeyEventState(0x0) }
[2025-11-18 21:47:18.418] Popup state: Executing
[2025-11-18 21:47:19.744] handle_popup_input: key=KeyEvent { code: PageDown, modifiers: KeyModifiers(0x0), kind: Press, state: KeyEventState(0x0) }
[2025-11-18 21:47:19.744] Popup state: Executing
[2025-11-18 21:47:20.108] handle_popup_input: key=KeyEvent { code: PageDown, modifiers: KeyModifiers(0x0), kind: Press, state: KeyEventState(0x0) }
[2025-11-18 21:47:20.114] Popup state: Executing
[2025-11-18 21:47:20.279] handle_popup_input: key=KeyEvent { code: PageDown, modifiers: KeyModifiers(0x0), kind: Press, state: KeyEventState(0x0) }
[2025-11-18 21:47:20.279] Popup state: Executing
[2025-11-18 21:47:20.441] handle_popup_input: key=KeyEvent { code: PageDown, modifiers: KeyModifiers(0x0), kind: Press, state: KeyEventState(0x0) }
[2025-11-18 21:47:20.441] Popup state: Executing
[2025-11-18 21:47:20.585] handle_popup_input: key=KeyEvent { code: PageDown, modifiers: KeyModifiers(0x0), kind: Press, state: KeyEventState(0x0) }
[2025-11-18 21:47:20.586] Popup state: Executing
[2025-11-18 21:47:20.740] handle_popup_input: key=KeyEvent { code: PageDown, modifiers: KeyModifiers(0x0), kind: Press, state: KeyEventState(0x0) }
[2025-11-18 21:47:20.740] Popup state: Executing
[2025-11-18 21:47:20.870] handle_popup_input: key=KeyEvent { code: PageDown, modifiers: KeyModifiers(0x0), kind: Press, state: KeyEventState(0x0) }
[2025-11-18 21:47:20.870] Popup state: Executing
[2025-11-18 21:47:21.372] handle_popup_input: key=KeyEvent { code: PageDown, modifiers: KeyModifiers(0x0), kind: Press, state: KeyEventState(0x0) }
[2025-11-18 21:47:21.372] Popup state: Executing
[2025-11-18 21:47:21.457] handle_popup_input: key=KeyEvent { code: PageDown, modifiers: KeyModifiers(0x0), kind: Press, state: KeyEventState(0x0) }
[2025-11-18 21:47:21.457] Popup state: Executing
[2025-11-18 21:47:21.540] handle_popup_input: key=KeyEvent { code: PageDown, modifiers: KeyModifiers(0x0), kind: Press, state: KeyEventState(0x0) }
[2025-11-18 21:47:21.540] Popup state: Executing
[2025-11-18 21:47:21.624] handle_popup_input: key=KeyEvent { code: PageDown, modifiers: KeyModifiers(0x0), kind: Press, state: KeyEventState(0x0) }
[2025-11-18 21:47:21.624] Popup state: Executing
[2025-11-18 21:47:21.707] handle_popup_input: key=KeyEvent { code: PageDown, modifiers: KeyModifiers(0x0), kind: Press, state: KeyEventState(0x0) }
[2025-11-18 21:47:21.708] Popup state: Executing
[2025-11-18 21:47:21.790] handle_popup_input: key=KeyEvent { code: PageDown, modifiers: KeyModifiers(0x0), kind: Press, state: KeyEventState(0x0) }
[2025-11-18 21:47:21.790] Popup state: Executing
[2025-11-18 21:47:21.882] handle_popup_input: key=KeyEvent { code: PageDown, modifiers: KeyModifiers(0x0), kind: Press, state: KeyEventState(0x0) }
[2025-11-18 21:47:21.883] Popup state: Executing
[2025-11-18 21:47:21.958] handle_popup_input: key=KeyEvent { code: PageDown, modifiers: KeyModifiers(0x0), kind: Press, state: KeyEventState(0x0) }
[2025-11-18 21:47:21.960] Popup state: Executing
[2025-11-18 21:47:22.042] handle_popup_input: key=KeyEvent { code: PageDown, modifiers: KeyModifiers(0x0), kind: Press, state: KeyEventState(0x0) }
[2025-11-18 21:47:22.042] Popup state: Executing
[2025-11-18 21:47:22.124] handle_popup_input: key=KeyEvent { code: PageDown, modifiers: KeyModifiers(0x0), kind: Press, state: KeyEventState(0x0) }
[2025-11-18 21:47:22.124] Popup state: Executing
[2025-11-18 21:47:22.214] handle_popup_input: key=KeyEvent { code: PageDown, modifiers: KeyModifiers(0x0), kind: Press, state: KeyEventState(0x0) }
[2025-11-18 21:47:22.214] Popup state: Executing
[2025-11-18 21:47:22.292] handle_popup_input: key=KeyEvent { code: PageDown, modifiers: KeyModifiers(0x0), kind: Press, state: KeyEventState(0x0) }
[2025-11-18 21:47:22.292] Popup state: Executing
[2025-11-18 21:47:22.379] handle_popup_input: key=KeyEvent { code: PageDown, modifiers: KeyModifiers(0x0), kind: Press, state: KeyEventState(0x0) }
[2025-11-18 21:47:22.379] Popup state: Executing
[2025-11-18 21:47:22.460] handle_popup_input: key=KeyEvent { code: PageDown, modifiers: KeyModifiers(0x0), kind: Press, state: KeyEventState(0x0) }
[2025-11-18 21:47:22.460] Popup state: Executing
[2025-11-18 21:47:22.548] handle_popup_input: key=KeyEvent { code: PageDown, modifiers: KeyModifiers(0x0), kind: Press, state: KeyEventState(0x0) }
[2025-11-18 21:47:22.551] Popup state: Executing
[2025-11-18 21:47:22.625] handle_popup_input: key=KeyEvent { code: PageDown, modifiers: KeyModifiers(0x0), kind: Press, state: KeyEventState(0x0) }
[2025-11-18 21:47:22.625] Popup state: Executing
[2025-11-18 21:47:22.710] handle_popup_input: key=KeyEvent { code: PageDown, modifiers: KeyModifiers(0x0), kind: Press, state: KeyEventState(0x0) }
[2025-11-18 21:47:22.711] Popup state: Executing
[2025-11-18 21:47:22.795] handle_popup_input: key=KeyEvent { code: PageDown, modifiers: KeyModifiers(0x0), kind: Press, state: KeyEventState(0x0) }
[2025-11-18 21:47:22.795] Popup state: Executing
[2025-11-18 21:47:22.879] handle_popup_input: key=KeyEvent { code: PageDown, modifiers: KeyModifiers(0x0), kind: Press, state: KeyEventState(0x0) }
[2025-11-18 21:47:22.879] Popup state: Executing
[2025-11-18 21:47:22.962] handle_popup_input: key=KeyEvent { code: PageDown, modifiers: KeyModifiers(0x0), kind: Press, state: KeyEventState(0x0) }
[2025-11-18 21:47:22.962] Popup state: Executing
[2025-11-18 21:47:23.044] handle_popup_input: key=KeyEvent { code: PageDown, modifiers: KeyModifiers(0x0), kind: Press, state: KeyEventState(0x0) }
[2025-11-18 21:47:23.045] Popup state: Executing
[2025-11-18 21:47:23.127] handle_popup_input: key=KeyEvent { code: PageDown, modifiers: KeyModifiers(0x0), kind: Press, state: KeyEventState(0x0) }
[2025-11-18 21:47:23.127] Popup state: Executing
[2025-11-18 21:47:23.215] handle_popup_input: key=KeyEvent { code: PageDown, modifiers: KeyModifiers(0x0), kind: Press, state: KeyEventState(0x0) }
[2025-11-18 21:47:23.215] Popup state: Executing
[2025-11-18 21:47:23.295] handle_popup_input: key=KeyEvent { code: PageDown, modifiers: KeyModifiers(0x0), kind: Press, state: KeyEventState(0x0) }
[2025-11-18 21:47:23.295] Popup state: Executing
[2025-11-18 22:20:56.380] === TUI Debug Log Started ===
[2025-11-18 22:20:56.380] TuiApp::new() called
[2025-11-18 22:20:56.388] TuiApp::run() starting
[2025-11-18 22:21:09.742] handle_popup_input: key=KeyEvent { code: Enter, modifiers: KeyModifiers(0x0), kind: Press, state: KeyEventState(0x0) }
[2025-11-18 22:21:09.742] Popup state: Confirm
[2025-11-18 22:21:09.742] Enter pressed - executing command
[2025-11-18 22:21:09.742] execute_command_from_popup called
[2025-11-18 22:21:09.742] Sending command request: CommandRequest { app_name: "luce-api", project: "luce", environment: "orbstack:run", command_type: Run }
[2025-11-18 22:21:09.742] Popup set to executing state
[2025-11-18 22:21:09.742] Command sent to background task
[2025-11-18 22:21:09.742] execute_command_async: Starting command
[2025-11-18 22:21:54.316] handle_popup_input: key=KeyEvent { code: Esc, modifiers: KeyModifiers(0x0), kind: Press, state: KeyEventState(0x0) }
[2025-11-18 22:21:54.316] Popup state: Executing
[2025-11-18 22:21:54.316] Esc pressed - closing executing popup
[2025-11-18 22:33:58.565] === TUI Debug Log Started ===
[2025-11-18 22:33:58.566] TuiApp::new() called
[2025-11-18 22:33:58.572] TuiApp::run() starting
[2025-11-18 23:10:52.375] === TUI Debug Log Started ===
[2025-11-18 23:10:52.376] TuiApp::new() called
[2025-11-18 23:10:52.383] TuiApp::run() starting
[2025-11-18 23:16:24.108] === TUI Debug Log Started ===
[2025-11-18 23:16:24.108] TuiApp::new() called
[2025-11-18 23:16:24.114] TuiApp::run() starting
[2025-11-18 23:19:52.874] === TUI Debug Log Started ===
[2025-11-18 23:19:52.874] TuiApp::new() called
[2025-11-18 23:19:52.880] TuiApp::run() starting
